order_id,user_id,product_id,product_name,quantity,price,order_date,payment_method,city
1000,U139,P001,Bluetooth Speaker,1,1499,2025-07-28 10:59:57,Credit Card,Delhi
1001,U060,P004,Smart Watch,3,3499,2025-07-25 08:47:29,Credit Card,Bengaluru
1002,U181,P002,Mobile Cover,1,299,2025-07-29 10:10:17,Wallet,Bengaluru
1003,U105,P003,Power Bank,3,999,2025-07-11 00:13:28,Wallet,Hyderabad
1004,U107,P001,Bluetooth Speaker,1,1499,2025-07-26 12:59:59,Wallet,Hyderabad
1005,U100,P007,Screen Guard,3,199,2025-07-25 08:55:34,UPI,Pune
1006,U196,P005,Earbuds,2,1999,2025-07-31 12:44:42,Wallet,Kolkata
1007,U002,P003,Power Bank,2,999,2025-07-24 22:35:56,Wallet,Mumbai
1008,U108,P005,Earbuds,3,1999,2025-07-30 06:42:22,COD,Hyderabad
1009,U155,P002,Mobile Cover,2,299,2025-07-07 11:15:31,Credit Card,Pune
1010,U070,P004,Smart Watch,2,3499,2025-07-15 02:13:38,UPI,Bengaluru
1011,U100,P003,Power Bank,3,999,2025-07-18 16:34:42,Wallet,Pune
1012,U186,P002,Mobile Cover,2,299,2025-07-21 13:32:57,Credit Card,Pune
1013,U160,P005,Earbuds,1,1999,2025-07-23 19:03:15,Wallet,Hyderabad
1014,U152,P005,Earbuds,3,1999,2025-07-16 03:39:01,UPI,Chennai
1015,U022,P006,Charger,2,699,2025-07-16 07:38:19,Credit Card,Kolkata
1016,U119,P002,Mobile Cover,1,299,2025-07-31 18:32:04,Netbanking,Chennai
1017,U098,P003,Power Bank,1,999,2025-07-23 17:10:13,Wallet,Mumbai
1018,U084,P003,Power Bank,2,999,2025-07-25 23:51:30,Netbanking,Bengaluru
1019,U193,P007,Screen Guard,2,199,2025-07-30 15:45:09,Netbanking,Kolkata
1020,U021,P004,Smart Watch,1,3499,2025-07-17 13:22:56,COD,Kolkata
1021,U014,P003,Power Bank,1,999,2025-07-14 13:47:18,UPI,Delhi
1022,U200,P006,Charger,1,699,2025-07-21 23:39:28,UPI,Delhi
1023,U064,P002,Mobile Cover,1,299,2025-07-11 03:56:11,COD,Hyderabad
1024,U040,P002,Mobile Cover,1,299,2025-07-23 00:28:30,Wallet,Hyderabad
1025,U172,P001,Bluetooth Speaker,3,1499,2025-07-12 22:15:23,Credit Card,Chennai
1026,U120,P006,Charger,2,699,2025-07-07 23:39:43,Netbanking,Hyderabad
1027,U043,P005,Earbuds,3,1999,2025-08-02 04:10:21,UPI,Mumbai
1028,U200,P007,Screen Guard,1,199,2025-07-27 22:33:07,Netbanking,Delhi
1029,U028,P005,Earbuds,1,1999,2025-07-12 02:15:39,Netbanking,Hyderabad
1030,U148,P006,Charger,2,699,2025-07-21 01:07:51,Wallet,Chennai
1031,U184,P002,Mobile Cover,1,299,2025-07-20 06:27:00,COD,Pune
1032,U177,P007,Screen Guard,3,199,2025-07-08 08:02:57,Credit Card,Kolkata
1033,U027,P006,Charger,2,699,2025-07-25 18:06:08,COD,Hyderabad
1034,U031,P007,Screen Guard,3,199,2025-07-25 16:57:33,UPI,Pune
1035,U089,P005,Earbuds,2,1999,2025-07-18 10:06:43,Netbanking,Kolkata
1036,U018,P005,Earbuds,3,1999,2025-07-26 05:28:24,Netbanking,Kolkata
1037,U004,P007,Screen Guard,2,199,2025-07-15 07:43:18,Wallet,Hyderabad
1038,U028,P004,Smart Watch,2,3499,2025-07-12 04:37:10,Wallet,Hyderabad
1039,U182,P002,Mobile Cover,2,299,2025-07-27 12:45:05,Credit Card,Chennai
1040,U188,P005,Earbuds,3,1999,2025-07-11 21:10:06,Netbanking,Mumbai
1041,U158,P007,Screen Guard,3,199,2025-07-19 16:42:43,Wallet,Bengaluru
1042,U120,P004,Smart Watch,3,3499,2025-07-18 00:56:23,COD,Hyderabad
1043,U069,P003,Power Bank,1,999,2025-07-13 01:30:01,UPI,Bengaluru
1044,U072,P004,Smart Watch,1,3499,2025-07-19 14:34:09,Wallet,Hyderabad
1045,U146,P005,Earbuds,3,1999,2025-07-30 02:22:45,Wallet,Kolkata
1046,U087,P001,Bluetooth Speaker,2,1499,2025-07-09 19:58:15,Netbanking,Mumbai
1047,U047,P004,Smart Watch,1,3499,2025-08-03 03:53:57,Netbanking,Pune
1048,U067,P003,Power Bank,2,999,2025-07-21 04:06:30,COD,Pune
1049,U180,P003,Power Bank,3,999,2025-07-16 11:28:54,UPI,Mumbai
1050,U133,P002,Mobile Cover,1,299,2025-07-16 11:37:51,Credit Card,Mumbai
1051,U185,P004,Smart Watch,2,3499,2025-08-04 08:36:41,COD,Chennai
1052,U195,P002,Mobile Cover,3,299,2025-07-07 10:39:49,Wallet,Delhi
1053,U166,P006,Charger,2,699,2025-07-20 19:12:01,Wallet,Pune
1054,U005,P001,Bluetooth Speaker,2,1499,2025-07-22 23:53:48,Credit Card,Bengaluru
1055,U104,P006,Charger,1,699,2025-07-10 05:40:52,Netbanking,Kolkata
1056,U170,P005,Earbuds,2,1999,2025-07-18 05:03:38,Wallet,Chennai
1057,U142,P005,Earbuds,2,1999,2025-07-17 10:26:51,Wallet,Hyderabad
1058,U191,P005,Earbuds,2,1999,2025-07-30 20:37:01,Netbanking,Mumbai
1059,U180,P004,Smart Watch,2,3499,2025-07-30 03:21:12,Netbanking,Mumbai
1060,U065,P002,Mobile Cover,1,299,2025-07-28 20:46:14,Credit Card,Mumbai
1061,U081,P001,Bluetooth Speaker,3,1499,2025-08-01 16:44:37,COD,Pune
1062,U196,P006,Charger,1,699,2025-07-10 00:47:24,Credit Card,Kolkata
1063,U056,P006,Charger,2,699,2025-07-17 09:31:52,Netbanking,Hyderabad
1064,U186,P005,Earbuds,3,1999,2025-07-29 05:25:04,COD,Pune
1065,U073,P001,Bluetooth Speaker,1,1499,2025-08-01 15:04:51,Netbanking,Bengaluru
1066,U059,P003,Power Bank,1,999,2025-07-20 00:16:30,Netbanking,Bengaluru
1067,U004,P006,Charger,3,699,2025-07-11 11:26:35,Credit Card,Hyderabad
1068,U071,P001,Bluetooth Speaker,1,1499,2025-07-22 13:04:30,COD,Hyderabad
1069,U075,P006,Charger,1,699,2025-07-19 10:09:04,Wallet,Kolkata
1070,U027,P007,Screen Guard,1,199,2025-07-31 03:54:08,COD,Hyderabad
1071,U073,P004,Smart Watch,2,3499,2025-08-01 11:38:51,Wallet,Bengaluru
1072,U088,P002,Mobile Cover,1,299,2025-07-25 22:21:52,Netbanking,Delhi
1073,U123,P001,Bluetooth Speaker,1,1499,2025-08-01 12:37:52,Wallet,Delhi
1074,U126,P001,Bluetooth Speaker,3,1499,2025-07-27 19:04:30,UPI,Pune
1075,U039,P002,Mobile Cover,3,299,2025-07-26 02:31:58,Netbanking,Pune
1076,U022,P002,Mobile Cover,1,299,2025-07-30 09:31:55,COD,Kolkata
1077,U196,P004,Smart Watch,3,3499,2025-07-16 09:28:17,COD,Kolkata
1078,U159,P002,Mobile Cover,3,299,2025-07-20 15:05:57,Wallet,Delhi
1079,U116,P004,Smart Watch,2,3499,2025-07-22 14:21:06,COD,Hyderabad
1080,U110,P003,Power Bank,3,999,2025-07-18 04:54:23,COD,Delhi
1081,U016,P005,Earbuds,3,1999,2025-08-03 08:25:27,UPI,Hyderabad
1082,U196,P002,Mobile Cover,3,299,2025-07-11 02:13:55,Credit Card,Kolkata
1083,U068,P006,Charger,1,699,2025-07-25 16:49:45,Credit Card,Chennai
1084,U062,P002,Mobile Cover,3,299,2025-07-25 14:47:09,UPI,Mumbai
1085,U041,P001,Bluetooth Speaker,2,1499,2025-07-10 01:39:03,Wallet,Mumbai
1086,U177,P005,Earbuds,2,1999,2025-07-07 08:24:03,Netbanking,Kolkata
1087,U009,P002,Mobile Cover,2,299,2025-07-28 13:29:38,Netbanking,Kolkata
1088,U180,P007,Screen Guard,2,199,2025-07-27 21:31:19,UPI,Mumbai
1089,U176,P002,Mobile Cover,2,299,2025-07-22 02:02:20,COD,Pune
1090,U170,P007,Screen Guard,1,199,2025-07-22 06:53:39,Wallet,Chennai
1091,U030,P005,Earbuds,1,1999,2025-07-17 23:43:47,Credit Card,Pune
1092,U069,P007,Screen Guard,1,199,2025-07-23 08:39:40,UPI,Bengaluru
1093,U016,P002,Mobile Cover,2,299,2025-07-18 14:35:21,COD,Hyderabad
1094,U192,P007,Screen Guard,3,199,2025-07-31 09:05:45,Netbanking,Kolkata
1095,U113,P001,Bluetooth Speaker,2,1499,2025-07-28 08:16:18,Netbanking,Chennai
1096,U180,P004,Smart Watch,2,3499,2025-07-17 05:31:05,COD,Mumbai
1097,U139,P004,Smart Watch,2,3499,2025-07-11 19:00:15,UPI,Delhi
1098,U154,P001,Bluetooth Speaker,2,1499,2025-07-30 18:57:10,Netbanking,Delhi
1099,U155,P003,Power Bank,1,999,2025-07-16 02:00:32,UPI,Pune
1100,U059,P006,Charger,3,699,2025-07-12 02:15:54,COD,Bengaluru
1101,U006,P007,Screen Guard,3,199,2025-07-16 20:29:54,Netbanking,Mumbai
1102,U148,P001,Bluetooth Speaker,1,1499,2025-07-14 05:54:20,Wallet,Chennai
1103,U133,P006,Charger,2,699,2025-07-31 17:50:26,Netbanking,Mumbai
1104,U047,P005,Earbuds,2,1999,2025-07-28 00:57:14,Wallet,Pune
1105,U024,P004,Smart Watch,2,3499,2025-07-06 07:34:31,Wallet,Pune
1106,U086,P003,Power Bank,3,999,2025-07-17 12:18:19,UPI,Mumbai
1107,U042,P003,Power Bank,2,999,2025-07-25 12:42:57,Wallet,Bengaluru
1108,U074,P006,Charger,2,699,2025-07-14 02:17:40,COD,Mumbai
1109,U010,P004,Smart Watch,1,3499,2025-07-22 09:35:34,Netbanking,Pune
1110,U065,P003,Power Bank,1,999,2025-07-21 04:12:56,Wallet,Mumbai
1111,U132,P007,Screen Guard,1,199,2025-07-17 04:28:13,COD,Kolkata
1112,U119,P004,Smart Watch,1,3499,2025-07-06 02:49:43,Credit Card,Chennai
1113,U133,P003,Power Bank,3,999,2025-07-23 06:34:31,Wallet,Mumbai
1114,U161,P004,Smart Watch,1,3499,2025-07-13 14:43:59,Credit Card,Chennai
1115,U069,P005,Earbuds,1,1999,2025-07-28 17:26:42,Netbanking,Bengaluru
1116,U113,P006,Charger,2,699,2025-07-26 17:12:58,UPI,Chennai
1117,U008,P006,Charger,3,699,2025-07-06 08:47:15,Credit Card,Mumbai
1118,U182,P002,Mobile Cover,2,299,2025-07-05 18:46:50,COD,Chennai
1119,U004,P005,Earbuds,2,1999,2025-07-29 16:20:13,UPI,Hyderabad
1120,U058,P007,Screen Guard,1,199,2025-07-27 06:23:12,Wallet,Kolkata
1121,U031,P006,Charger,1,699,2025-07-12 23:31:08,Wallet,Pune
1122,U184,P003,Power Bank,3,999,2025-07-09 17:53:36,Netbanking,Pune
1123,U107,P007,Screen Guard,2,199,2025-07-26 12:39:24,Wallet,Hyderabad
1124,U063,P004,Smart Watch,3,3499,2025-08-04 08:27:12,Credit Card,Hyderabad
1125,U099,P002,Mobile Cover,3,299,2025-08-01 02:33:06,COD,Mumbai
1126,U192,P002,Mobile Cover,1,299,2025-07-10 13:47:26,Netbanking,Kolkata
1127,U198,P007,Screen Guard,2,199,2025-07-23 09:28:32,Netbanking,Chennai
1128,U130,P003,Power Bank,1,999,2025-07-11 05:54:36,Netbanking,Pune
1129,U186,P003,Power Bank,3,999,2025-07-13 14:27:39,COD,Pune
1130,U169,P004,Smart Watch,1,3499,2025-07-24 09:35:46,Wallet,Hyderabad
1131,U138,P004,Smart Watch,2,3499,2025-07-11 20:57:42,Netbanking,Delhi
1132,U142,P007,Screen Guard,3,199,2025-07-11 00:45:35,Wallet,Hyderabad
1133,U117,P003,Power Bank,1,999,2025-07-13 02:13:22,Credit Card,Delhi
1134,U147,P004,Smart Watch,1,3499,2025-07-29 10:12:40,Wallet,Delhi
1135,U012,P003,Power Bank,3,999,2025-07-06 23:50:45,Wallet,Kolkata
1136,U181,P007,Screen Guard,2,199,2025-07-06 11:20:14,Wallet,Bengaluru
1137,U170,P007,Screen Guard,3,199,2025-07-20 07:38:20,Credit Card,Chennai
1138,U127,P001,Bluetooth Speaker,1,1499,2025-07-30 11:43:32,COD,Pune
1139,U152,P003,Power Bank,1,999,2025-07-09 20:59:15,Wallet,Chennai
1140,U026,P005,Earbuds,2,1999,2025-08-03 12:02:56,UPI,Pune
1141,U185,P002,Mobile Cover,2,299,2025-07-26 19:48:37,Credit Card,Chennai
1142,U020,P004,Smart Watch,2,3499,2025-07-19 09:51:51,Netbanking,Bengaluru
1143,U160,P006,Charger,2,699,2025-07-05 22:48:50,UPI,Hyderabad
1144,U085,P007,Screen Guard,3,199,2025-07-08 23:19:55,COD,Kolkata
1145,U098,P003,Power Bank,3,999,2025-08-03 13:16:36,Wallet,Mumbai
1146,U139,P001,Bluetooth Speaker,3,1499,2025-07-26 11:02:51,UPI,Delhi
1147,U061,P006,Charger,3,699,2025-07-29 05:59:36,Netbanking,Kolkata
1148,U059,P006,Charger,1,699,2025-07-22 10:46:00,Wallet,Bengaluru
1149,U026,P007,Screen Guard,3,199,2025-07-21 09:49:41,UPI,Pune
1150,U114,P002,Mobile Cover,3,299,2025-07-30 16:28:47,Netbanking,Bengaluru
1151,U008,P001,Bluetooth Speaker,2,1499,2025-07-09 02:36:08,UPI,Mumbai
1152,U076,P003,Power Bank,2,999,2025-07-14 20:17:38,Wallet,Hyderabad
1153,U038,P002,Mobile Cover,3,299,2025-07-08 03:14:07,Wallet,Mumbai
1154,U145,P006,Charger,1,699,2025-07-09 04:17:13,Credit Card,Pune
1155,U045,P001,Bluetooth Speaker,3,1499,2025-07-06 14:38:33,Wallet,Chennai
1156,U159,P006,Charger,1,699,2025-07-19 02:04:58,Wallet,Delhi
1157,U150,P002,Mobile Cover,1,299,2025-07-26 06:55:01,Wallet,Delhi
1158,U164,P003,Power Bank,2,999,2025-08-03 23:24:01,Netbanking,Delhi
1159,U171,P001,Bluetooth Speaker,2,1499,2025-07-30 22:39:00,Netbanking,Pune
1160,U174,P005,Earbuds,1,1999,2025-07-06 13:20:50,UPI,Chennai
1161,U114,P003,Power Bank,3,999,2025-07-10 21:51:23,Netbanking,Bengaluru
1162,U164,P004,Smart Watch,3,3499,2025-07-28 23:38:41,Netbanking,Delhi
1163,U117,P007,Screen Guard,2,199,2025-07-24 11:40:48,Credit Card,Delhi
1164,U099,P007,Screen Guard,2,199,2025-07-10 12:18:11,UPI,Mumbai
1165,U061,P004,Smart Watch,3,3499,2025-07-24 05:33:48,Netbanking,Kolkata
1166,U148,P003,Power Bank,3,999,2025-07-06 04:48:46,Netbanking,Chennai
1167,U006,P007,Screen Guard,3,199,2025-07-07 11:10:52,Wallet,Mumbai
1168,U071,P001,Bluetooth Speaker,3,1499,2025-08-03 21:00:36,UPI,Hyderabad
1169,U156,P006,Charger,2,699,2025-07-10 21:18:40,Netbanking,Bengaluru
1170,U199,P007,Screen Guard,1,199,2025-08-02 08:19:06,COD,Mumbai
1171,U091,P002,Mobile Cover,3,299,2025-07-18 16:44:08,Credit Card,Bengaluru
1172,U159,P003,Power Bank,3,999,2025-07-19 05:28:38,Credit Card,Delhi
1173,U161,P001,Bluetooth Speaker,3,1499,2025-07-26 04:08:45,UPI,Chennai
1174,U080,P007,Screen Guard,2,199,2025-07-08 07:09:41,UPI,Mumbai
1175,U149,P003,Power Bank,3,999,2025-07-05 17:18:46,Credit Card,Mumbai
1176,U024,P003,Power Bank,2,999,2025-07-22 09:09:33,Wallet,Pune
1177,U045,P002,Mobile Cover,1,299,2025-07-31 23:40:55,COD,Chennai
1178,U094,P005,Earbuds,3,1999,2025-07-23 00:59:55,Netbanking,Mumbai
1179,U043,P003,Power Bank,2,999,2025-07-13 16:48:42,Netbanking,Mumbai
1180,U192,P007,Screen Guard,2,199,2025-08-02 11:04:09,UPI,Kolkata
1181,U120,P001,Bluetooth Speaker,1,1499,2025-07-07 06:03:26,Credit Card,Hyderabad
1182,U174,P006,Charger,3,699,2025-07-23 03:21:50,Wallet,Chennai
1183,U143,P003,Power Bank,1,999,2025-07-24 19:01:01,Wallet,Kolkata
1184,U004,P003,Power Bank,3,999,2025-07-30 13:53:51,UPI,Hyderabad
1185,U117,P003,Power Bank,3,999,2025-07-28 06:08:21,Netbanking,Delhi
1186,U150,P004,Smart Watch,3,3499,2025-07-27 02:18:49,Netbanking,Delhi
1187,U028,P006,Charger,1,699,2025-07-21 13:52:50,Wallet,Hyderabad
1188,U007,P005,Earbuds,3,1999,2025-07-23 22:23:48,Netbanking,Hyderabad
1189,U157,P002,Mobile Cover,3,299,2025-07-13 08:33:07,UPI,Mumbai
1190,U163,P007,Screen Guard,2,199,2025-07-23 14:19:39,Netbanking,Bengaluru
1191,U167,P004,Smart Watch,1,3499,2025-07-22 09:46:54,Credit Card,Hyderabad
1192,U012,P001,Bluetooth Speaker,2,1499,2025-07-09 05:22:15,Wallet,Kolkata
1193,U030,P001,Bluetooth Speaker,1,1499,2025-07-08 20:01:28,COD,Pune
1194,U035,P004,Smart Watch,2,3499,2025-07-15 19:42:44,Netbanking,Mumbai
1195,U172,P006,Charger,3,699,2025-07-11 21:54:00,COD,Chennai
1196,U108,P005,Earbuds,3,1999,2025-07-13 16:20:01,Credit Card,Hyderabad
1197,U107,P006,Charger,1,699,2025-08-01 17:57:00,Wallet,Hyderabad
1198,U158,P004,Smart Watch,2,3499,2025-07-20 07:53:30,UPI,Bengaluru
1199,U177,P003,Power Bank,1,999,2025-07-22 04:55:33,Wallet,Kolkata
1200,U114,P002,Mobile Cover,2,299,2025-07-06 20:35:59,UPI,Bengaluru
1201,U176,P003,Power Bank,3,999,2025-07-23 05:56:02,Netbanking,Pune
1202,U016,P004,Smart Watch,2,3499,2025-07-08 17:23:41,Credit Card,Hyderabad
1203,U032,P007,Screen Guard,2,199,2025-08-03 18:15:57,UPI,Mumbai
1204,U170,P002,Mobile Cover,3,299,2025-07-25 20:09:41,COD,Chennai
1205,U006,P001,Bluetooth Speaker,2,1499,2025-07-08 06:36:58,Credit Card,Mumbai
1206,U033,P007,Screen Guard,3,199,2025-07-23 11:30:47,Credit Card,Chennai
1207,U018,P007,Screen Guard,3,199,2025-07-18 11:16:54,Credit Card,Kolkata
1208,U151,P002,Mobile Cover,1,299,2025-07-23 11:02:46,Netbanking,Mumbai
1209,U199,P002,Mobile Cover,3,299,2025-07-12 14:34:33,UPI,Mumbai
1210,U071,P007,Screen Guard,1,199,2025-07-17 07:22:01,Credit Card,Hyderabad
1211,U139,P003,Power Bank,1,999,2025-07-18 01:52:24,UPI,Delhi
1212,U170,P007,Screen Guard,1,199,2025-08-02 00:38:53,Credit Card,Chennai
1213,U004,P003,Power Bank,1,999,2025-07-20 17:01:41,COD,Hyderabad
1214,U083,P001,Bluetooth Speaker,1,1499,2025-07-19 21:33:35,Netbanking,Kolkata
1215,U014,P002,Mobile Cover,3,299,2025-08-03 12:59:38,Wallet,Delhi
1216,U135,P001,Bluetooth Speaker,3,1499,2025-07-29 20:53:50,UPI,Bengaluru
1217,U122,P004,Smart Watch,2,3499,2025-07-24 17:36:19,COD,Pune
1218,U152,P001,Bluetooth Speaker,2,1499,2025-08-03 21:21:49,COD,Chennai
1219,U057,P005,Earbuds,1,1999,2025-07-11 18:32:24,COD,Bengaluru
1220,U078,P004,Smart Watch,3,3499,2025-07-07 04:33:01,UPI,Hyderabad
1221,U016,P004,Smart Watch,2,3499,2025-07-19 19:25:41,Wallet,Hyderabad
1222,U176,P001,Bluetooth Speaker,2,1499,2025-07-10 05:07:45,Wallet,Pune
1223,U019,P001,Bluetooth Speaker,2,1499,2025-08-03 08:00:16,COD,Hyderabad
1224,U038,P001,Bluetooth Speaker,1,1499,2025-07-26 09:58:05,Netbanking,Mumbai
1225,U160,P006,Charger,3,699,2025-07-18 03:26:27,COD,Hyderabad
1226,U183,P003,Power Bank,2,999,2025-07-10 06:15:19,COD,Chennai
1227,U136,P003,Power Bank,2,999,2025-07-08 04:24:59,COD,Kolkata
1228,U155,P004,Smart Watch,1,3499,2025-07-12 12:20:18,UPI,Pune
1229,U168,P006,Charger,3,699,2025-07-31 08:19:49,Credit Card,Delhi
1230,U111,P004,Smart Watch,1,3499,2025-07-27 21:00:03,Wallet,Mumbai
1231,U087,P007,Screen Guard,2,199,2025-07-08 01:48:11,Wallet,Mumbai
1232,U107,P006,Charger,1,699,2025-07-17 11:47:48,Netbanking,Hyderabad
1233,U110,P003,Power Bank,3,999,2025-07-06 03:12:27,Netbanking,Delhi
1234,U096,P002,Mobile Cover,3,299,2025-07-06 11:17:18,Wallet,Chennai
1235,U018,P001,Bluetooth Speaker,1,1499,2025-07-27 16:08:37,UPI,Kolkata
1236,U111,P001,Bluetooth Speaker,3,1499,2025-07-19 09:59:58,Netbanking,Mumbai
1237,U034,P005,Earbuds,1,1999,2025-07-24 01:55:06,COD,Mumbai
1238,U144,P005,Earbuds,2,1999,2025-07-30 23:51:56,UPI,Chennai
1239,U106,P003,Power Bank,3,999,2025-07-30 07:11:48,Wallet,Chennai
1240,U185,P001,Bluetooth Speaker,2,1499,2025-07-29 05:38:48,COD,Chennai
1241,U080,P003,Power Bank,1,999,2025-07-14 12:03:42,COD,Mumbai
1242,U130,P002,Mobile Cover,1,299,2025-07-19 03:36:45,Wallet,Pune
1243,U058,P007,Screen Guard,1,199,2025-07-21 19:41:26,Netbanking,Kolkata
1244,U143,P003,Power Bank,1,999,2025-07-08 15:52:37,Netbanking,Kolkata
1245,U147,P002,Mobile Cover,2,299,2025-07-25 09:18:41,COD,Delhi
1246,U197,P007,Screen Guard,3,199,2025-07-23 19:55:53,COD,Pune
1247,U173,P006,Charger,3,699,2025-07-24 23:29:34,UPI,Delhi
1248,U156,P006,Charger,3,699,2025-08-01 04:35:07,Netbanking,Bengaluru
1249,U008,P002,Mobile Cover,2,299,2025-07-07 08:49:05,Netbanking,Mumbai
1250,U087,P003,Power Bank,1,999,2025-07-11 15:27:58,Credit Card,Mumbai
1251,U037,P005,Earbuds,3,1999,2025-07-28 10:19:47,Wallet,Mumbai
1252,U018,P002,Mobile Cover,3,299,2025-08-02 03:09:31,UPI,Kolkata
1253,U024,P006,Charger,3,699,2025-07-21 11:49:20,Credit Card,Pune
1254,U097,P004,Smart Watch,2,3499,2025-07-17 02:30:08,Netbanking,Delhi
1255,U041,P003,Power Bank,2,999,2025-07-07 20:03:47,Netbanking,Mumbai
1256,U199,P005,Earbuds,3,1999,2025-08-02 05:23:52,UPI,Mumbai
1257,U014,P002,Mobile Cover,1,299,2025-07-31 00:26:01,COD,Delhi
1258,U013,P006,Charger,1,699,2025-07-06 20:56:41,Netbanking,Bengaluru
1259,U114,P006,Charger,2,699,2025-07-28 19:40:06,Wallet,Bengaluru
1260,U156,P004,Smart Watch,2,3499,2025-07-19 07:58:37,Netbanking,Bengaluru
1261,U056,P007,Screen Guard,3,199,2025-07-18 18:35:00,UPI,Hyderabad
1262,U089,P004,Smart Watch,1,3499,2025-07-30 11:40:59,Netbanking,Kolkata
1263,U174,P006,Charger,3,699,2025-07-11 04:21:44,Wallet,Chennai
1264,U135,P006,Charger,2,699,2025-07-14 02:25:43,UPI,Bengaluru
1265,U057,P004,Smart Watch,3,3499,2025-08-02 00:53:38,UPI,Bengaluru
1266,U002,P002,Mobile Cover,2,299,2025-07-22 20:49:17,Credit Card,Mumbai
1267,U197,P002,Mobile Cover,2,299,2025-07-18 02:42:40,Netbanking,Pune
1268,U084,P001,Bluetooth Speaker,1,1499,2025-07-26 21:46:13,Wallet,Bengaluru
1269,U192,P004,Smart Watch,1,3499,2025-07-19 19:00:33,Credit Card,Kolkata
1270,U098,P005,Earbuds,3,1999,2025-07-19 12:05:57,Credit Card,Mumbai
1271,U129,P005,Earbuds,3,1999,2025-07-29 15:33:40,Netbanking,Kolkata
1272,U019,P004,Smart Watch,3,3499,2025-08-01 17:07:36,UPI,Hyderabad
1273,U112,P001,Bluetooth Speaker,2,1499,2025-07-16 15:59:02,UPI,Mumbai
1274,U081,P005,Earbuds,2,1999,2025-07-31 01:15:04,COD,Pune
1275,U104,P006,Charger,3,699,2025-07-31 20:59:42,Wallet,Kolkata
1276,U075,P001,Bluetooth Speaker,2,1499,2025-07-28 11:34:17,UPI,Kolkata
1277,U084,P002,Mobile Cover,3,299,2025-07-17 07:20:36,Wallet,Bengaluru
1278,U177,P003,Power Bank,1,999,2025-08-02 23:26:21,Wallet,Kolkata
1279,U028,P002,Mobile Cover,2,299,2025-07-20 22:39:28,COD,Hyderabad
1280,U103,P005,Earbuds,1,1999,2025-07-07 09:28:31,Wallet,Bengaluru
1281,U080,P006,Charger,2,699,2025-07-18 22:59:09,Credit Card,Mumbai
1282,U086,P007,Screen Guard,1,199,2025-07-28 01:07:54,UPI,Mumbai
1283,U131,P006,Charger,1,699,2025-07-21 13:22:21,COD,Bengaluru
1284,U131,P002,Mobile Cover,2,299,2025-07-24 05:45:31,Netbanking,Bengaluru
1285,U187,P007,Screen Guard,3,199,2025-07-14 13:57:06,Credit Card,Kolkata
1286,U061,P001,Bluetooth Speaker,1,1499,2025-07-23 22:25:04,Netbanking,Kolkata
1287,U051,P002,Mobile Cover,3,299,2025-07-12 14:31:49,Credit Card,Pune
1288,U195,P007,Screen Guard,3,199,2025-07-16 01:39:44,UPI,Delhi
1289,U046,P007,Screen Guard,3,199,2025-07-28 06:17:36,Wallet,Hyderabad
1290,U119,P007,Screen Guard,3,199,2025-07-24 05:00:53,COD,Chennai
1291,U115,P006,Charger,3,699,2025-07-30 11:42:04,COD,Bengaluru
1292,U083,P007,Screen Guard,3,199,2025-07-06 19:55:55,Netbanking,Kolkata
1293,U039,P004,Smart Watch,1,3499,2025-07-21 20:56:16,Wallet,Pune
1294,U114,P006,Charger,2,699,2025-07-27 09:40:46,Netbanking,Bengaluru
1295,U152,P001,Bluetooth Speaker,2,1499,2025-07-23 12:43:54,COD,Chennai
1296,U019,P003,Power Bank,2,999,2025-07-07 20:15:23,Wallet,Hyderabad
1297,U010,P001,Bluetooth Speaker,2,1499,2025-07-15 21:12:20,Netbanking,Pune
1298,U020,P006,Charger,1,699,2025-07-22 11:11:10,COD,Bengaluru
1299,U153,P005,Earbuds,2,1999,2025-07-17 19:02:27,Wallet,Kolkata
1300,U149,P005,Earbuds,3,1999,2025-07-09 00:38:55,UPI,Mumbai
1301,U116,P007,Screen Guard,3,199,2025-07-12 11:27:57,Credit Card,Hyderabad
1302,U083,P005,Earbuds,2,1999,2025-07-09 20:08:32,COD,Kolkata
1303,U039,P001,Bluetooth Speaker,2,1499,2025-08-02 00:27:25,UPI,Pune
1304,U088,P006,Charger,1,699,2025-07-06 05:55:37,COD,Delhi
1305,U166,P002,Mobile Cover,1,299,2025-07-15 14:51:34,Credit Card,Pune
1306,U182,P004,Smart Watch,2,3499,2025-07-18 01:55:58,COD,Chennai
1307,U134,P005,Earbuds,1,1999,2025-07-08 13:39:15,Netbanking,Hyderabad
1308,U096,P003,Power Bank,2,999,2025-07-23 03:37:29,Wallet,Chennai
1309,U199,P003,Power Bank,3,999,2025-07-16 22:45:21,COD,Mumbai
1310,U014,P007,Screen Guard,3,199,2025-07-24 06:42:02,Netbanking,Delhi
1311,U017,P003,Power Bank,1,999,2025-08-04 10:23:25,COD,Bengaluru
1312,U174,P004,Smart Watch,2,3499,2025-07-19 17:01:13,Netbanking,Chennai
1313,U186,P007,Screen Guard,3,199,2025-07-23 12:25:25,COD,Pune
1314,U039,P003,Power Bank,1,999,2025-08-04 10:13:26,COD,Pune
1315,U170,P002,Mobile Cover,2,299,2025-07-09 15:17:03,Netbanking,Chennai
1316,U168,P006,Charger,3,699,2025-07-12 22:43:20,Wallet,Delhi
1317,U034,P005,Earbuds,3,1999,2025-07-10 09:31:23,UPI,Mumbai
1318,U080,P005,Earbuds,2,1999,2025-07-11 03:58:18,Netbanking,Mumbai
1319,U033,P006,Charger,3,699,2025-07-27 06:31:17,COD,Chennai
1320,U024,P006,Charger,3,699,2025-07-25 01:16:37,Wallet,Pune
1321,U131,P003,Power Bank,1,999,2025-07-11 17:30:03,Netbanking,Bengaluru
1322,U080,P002,Mobile Cover,1,299,2025-07-17 00:22:44,Netbanking,Mumbai
1323,U197,P004,Smart Watch,1,3499,2025-07-12 19:30:32,Credit Card,Pune
1324,U036,P002,Mobile Cover,1,299,2025-07-16 05:53:20,Netbanking,Chennai
1325,U026,P005,Earbuds,3,1999,2025-07-26 20:12:04,COD,Pune
1326,U010,P006,Charger,2,699,2025-08-04 08:37:51,COD,Pune
1327,U034,P005,Earbuds,2,1999,2025-07-30 01:45:32,Credit Card,Mumbai
1328,U042,P002,Mobile Cover,3,299,2025-07-06 03:00:48,COD,Bengaluru
1329,U043,P006,Charger,2,699,2025-07-23 21:33:34,UPI,Mumbai
1330,U106,P003,Power Bank,3,999,2025-08-01 17:36:21,Credit Card,Chennai
1331,U114,P005,Earbuds,2,1999,2025-07-28 09:22:08,Wallet,Bengaluru
1332,U060,P005,Earbuds,1,1999,2025-07-24 00:09:59,Netbanking,Bengaluru
1333,U121,P007,Screen Guard,1,199,2025-07-06 11:03:30,Netbanking,Pune
1334,U174,P005,Earbuds,2,1999,2025-07-24 17:10:39,Wallet,Chennai
1335,U197,P003,Power Bank,2,999,2025-07-18 09:54:23,COD,Pune
1336,U136,P004,Smart Watch,1,3499,2025-07-23 07:09:13,Credit Card,Kolkata
1337,U155,P002,Mobile Cover,2,299,2025-07-21 03:14:45,UPI,Pune
1338,U165,P004,Smart Watch,2,3499,2025-07-10 14:48:34,COD,Pune
1339,U027,P006,Charger,3,699,2025-07-07 12:25:53,UPI,Hyderabad
1340,U073,P001,Bluetooth Speaker,1,1499,2025-07-23 19:12:09,Netbanking,Bengaluru
1341,U116,P005,Earbuds,1,1999,2025-07-07 15:48:08,Wallet,Hyderabad
1342,U024,P002,Mobile Cover,2,299,2025-07-28 20:10:18,Netbanking,Pune
1343,U007,P004,Smart Watch,1,3499,2025-07-13 04:47:32,Wallet,Hyderabad
1344,U129,P003,Power Bank,1,999,2025-07-26 15:57:03,Wallet,Kolkata
1345,U021,P003,Power Bank,1,999,2025-08-01 21:05:54,UPI,Kolkata
1346,U082,P001,Bluetooth Speaker,3,1499,2025-07-18 12:13:21,Netbanking,Chennai
1347,U038,P002,Mobile Cover,1,299,2025-07-28 20:10:28,Netbanking,Mumbai
1348,U121,P006,Charger,1,699,2025-08-01 22:09:23,Wallet,Pune
1349,U115,P005,Earbuds,1,1999,2025-07-15 07:55:50,UPI,Bengaluru
1350,U005,P003,Power Bank,1,999,2025-07-15 12:46:21,Credit Card,Bengaluru
1351,U141,P006,Charger,3,699,2025-07-27 02:31:55,COD,Kolkata
1352,U109,P001,Bluetooth Speaker,2,1499,2025-07-29 19:09:27,Credit Card,Pune
1353,U078,P001,Bluetooth Speaker,1,1499,2025-07-14 17:45:21,Credit Card,Hyderabad
1354,U108,P006,Charger,3,699,2025-07-16 04:49:33,Wallet,Hyderabad
1355,U017,P001,Bluetooth Speaker,2,1499,2025-07-16 02:42:46,COD,Bengaluru
1356,U138,P001,Bluetooth Speaker,3,1499,2025-07-12 22:00:11,COD,Delhi
1357,U148,P002,Mobile Cover,3,299,2025-07-13 23:00:45,Credit Card,Chennai
1358,U075,P004,Smart Watch,1,3499,2025-07-15 00:33:38,COD,Kolkata
1359,U091,P002,Mobile Cover,3,299,2025-08-03 06:23:31,Wallet,Bengaluru
1360,U048,P006,Charger,3,699,2025-07-29 00:02:33,UPI,Kolkata
1361,U135,P003,Power Bank,1,999,2025-07-11 10:43:10,COD,Bengaluru
1362,U140,P005,Earbuds,3,1999,2025-07-10 12:12:43,COD,Pune
1363,U006,P004,Smart Watch,2,3499,2025-08-04 01:37:57,UPI,Mumbai
1364,U163,P004,Smart Watch,2,3499,2025-07-26 03:51:41,Netbanking,Bengaluru
1365,U192,P001,Bluetooth Speaker,2,1499,2025-07-20 10:47:50,UPI,Kolkata
1366,U089,P002,Mobile Cover,3,299,2025-08-01 00:01:01,UPI,Kolkata
1367,U198,P005,Earbuds,3,1999,2025-07-09 00:46:33,Netbanking,Chennai
1368,U035,P001,Bluetooth Speaker,2,1499,2025-07-09 21:32:33,COD,Mumbai
1369,U087,P007,Screen Guard,3,199,2025-07-12 14:26:58,Credit Card,Mumbai
1370,U200,P006,Charger,2,699,2025-07-07 16:46:10,Wallet,Delhi
1371,U162,P002,Mobile Cover,1,299,2025-07-31 04:36:03,UPI,Delhi
1372,U184,P007,Screen Guard,2,199,2025-07-08 11:40:01,UPI,Pune
1373,U076,P002,Mobile Cover,1,299,2025-07-22 12:13:18,Credit Card,Hyderabad
1374,U011,P003,Power Bank,2,999,2025-08-02 04:10:30,COD,Delhi
1375,U102,P007,Screen Guard,3,199,2025-07-22 08:10:50,Wallet,Hyderabad
1376,U065,P001,Bluetooth Speaker,3,1499,2025-07-23 04:09:43,Credit Card,Mumbai
1377,U074,P003,Power Bank,1,999,2025-07-16 23:40:49,Netbanking,Mumbai
1378,U070,P001,Bluetooth Speaker,2,1499,2025-08-03 04:15:10,Wallet,Bengaluru
1379,U103,P006,Charger,2,699,2025-07-12 08:53:44,Wallet,Bengaluru
1380,U087,P002,Mobile Cover,2,299,2025-07-22 03:17:03,Wallet,Mumbai
1381,U095,P007,Screen Guard,3,199,2025-07-24 23:39:12,Netbanking,Mumbai
1382,U022,P006,Charger,2,699,2025-07-27 02:35:51,UPI,Kolkata
1383,U111,P005,Earbuds,1,1999,2025-07-18 03:52:39,COD,Mumbai
1384,U076,P003,Power Bank,1,999,2025-08-02 15:31:10,UPI,Hyderabad
1385,U084,P006,Charger,2,699,2025-07-14 03:09:58,Netbanking,Bengaluru
1386,U115,P005,Earbuds,3,1999,2025-07-19 03:24:19,Wallet,Bengaluru
1387,U043,P006,Charger,2,699,2025-07-17 00:57:17,Netbanking,Mumbai
1388,U115,P001,Bluetooth Speaker,3,1499,2025-07-28 04:35:29,Netbanking,Bengaluru
1389,U158,P004,Smart Watch,2,3499,2025-07-11 16:01:25,UPI,Bengaluru
1390,U020,P006,Charger,3,699,2025-07-18 00:31:19,Wallet,Bengaluru
1391,U094,P005,Earbuds,3,1999,2025-07-26 02:57:56,Credit Card,Mumbai
1392,U008,P002,Mobile Cover,3,299,2025-07-18 18:00:34,Wallet,Mumbai
1393,U009,P002,Mobile Cover,1,299,2025-07-25 17:28:03,Credit Card,Kolkata
1394,U200,P006,Charger,2,699,2025-07-24 18:40:29,Netbanking,Delhi
1395,U099,P005,Earbuds,1,1999,2025-07-21 18:34:37,COD,Mumbai
1396,U040,P006,Charger,2,699,2025-07-05 17:29:18,Netbanking,Hyderabad
1397,U096,P004,Smart Watch,1,3499,2025-07-09 03:07:02,COD,Chennai
1398,U036,P005,Earbuds,2,1999,2025-07-28 19:08:04,Wallet,Chennai
1399,U081,P006,Charger,2,699,2025-07-13 02:28:35,Credit Card,Pune
1400,U030,P001,Bluetooth Speaker,3,1499,2025-07-23 18:01:00,Credit Card,Pune
1401,U128,P005,Earbuds,2,1999,2025-07-11 14:19:10,COD,Hyderabad
1402,U031,P003,Power Bank,2,999,2025-08-03 11:15:19,Wallet,Pune
1403,U055,P005,Earbuds,2,1999,2025-07-26 21:07:17,Wallet,Hyderabad
1404,U052,P001,Bluetooth Speaker,1,1499,2025-07-24 14:23:40,UPI,Hyderabad
1405,U116,P002,Mobile Cover,3,299,2025-07-06 05:17:44,Wallet,Hyderabad
1406,U023,P007,Screen Guard,3,199,2025-07-09 22:32:52,Netbanking,Chennai
1407,U171,P003,Power Bank,3,999,2025-08-03 14:23:38,UPI,Pune
1408,U141,P005,Earbuds,2,1999,2025-07-18 02:09:27,Netbanking,Kolkata
1409,U041,P006,Charger,3,699,2025-07-05 22:33:46,Credit Card,Mumbai
1410,U093,P005,Earbuds,1,1999,2025-07-06 06:10:16,UPI,Chennai
1411,U052,P007,Screen Guard,1,199,2025-07-16 10:13:27,Credit Card,Hyderabad
1412,U127,P001,Bluetooth Speaker,2,1499,2025-08-03 08:12:03,COD,Pune
1413,U147,P003,Power Bank,2,999,2025-07-14 09:54:08,COD,Delhi
1414,U034,P005,Earbuds,1,1999,2025-08-02 12:58:50,UPI,Mumbai
1415,U080,P004,Smart Watch,3,3499,2025-07-23 23:21:18,Wallet,Mumbai
1416,U135,P004,Smart Watch,2,3499,2025-07-28 21:21:41,COD,Bengaluru
1417,U019,P002,Mobile Cover,2,299,2025-07-31 05:38:07,UPI,Hyderabad
1418,U116,P004,Smart Watch,3,3499,2025-07-11 18:01:47,COD,Hyderabad
1419,U089,P002,Mobile Cover,3,299,2025-07-14 09:56:50,COD,Kolkata
1420,U047,P007,Screen Guard,1,199,2025-07-29 06:28:25,Wallet,Pune
1421,U129,P007,Screen Guard,1,199,2025-07-18 18:26:51,UPI,Kolkata
1422,U133,P002,Mobile Cover,2,299,2025-07-17 22:38:15,Credit Card,Mumbai
1423,U042,P003,Power Bank,3,999,2025-07-23 21:25:45,Credit Card,Bengaluru
1424,U089,P005,Earbuds,2,1999,2025-07-18 17:36:01,UPI,Kolkata
1425,U065,P002,Mobile Cover,3,299,2025-07-22 20:16:20,COD,Mumbai
1426,U071,P002,Mobile Cover,3,299,2025-07-13 20:49:05,Netbanking,Hyderabad
1427,U158,P005,Earbuds,1,1999,2025-07-19 04:29:50,COD,Bengaluru
1428,U165,P002,Mobile Cover,3,299,2025-07-19 00:10:31,COD,Pune
1429,U040,P002,Mobile Cover,3,299,2025-07-11 23:01:18,COD,Hyderabad
1430,U185,P005,Earbuds,2,1999,2025-07-24 22:57:04,COD,Chennai
1431,U011,P007,Screen Guard,1,199,2025-07-09 08:12:37,UPI,Delhi
1432,U012,P006,Charger,3,699,2025-07-08 22:56:55,Netbanking,Kolkata
1433,U167,P002,Mobile Cover,3,299,2025-07-08 05:27:51,Wallet,Hyderabad
1434,U159,P006,Charger,1,699,2025-07-24 14:27:47,Wallet,Delhi
1435,U161,P005,Earbuds,2,1999,2025-07-15 00:38:04,Netbanking,Chennai
1436,U124,P002,Mobile Cover,3,299,2025-07-19 16:00:53,Wallet,Pune
1437,U077,P004,Smart Watch,1,3499,2025-08-01 01:33:14,UPI,Pune
1438,U041,P004,Smart Watch,2,3499,2025-07-17 19:09:45,Wallet,Mumbai
1439,U119,P002,Mobile Cover,2,299,2025-07-23 07:09:09,COD,Chennai
1440,U037,P003,Power Bank,3,999,2025-07-08 04:04:39,Netbanking,Mumbai
1441,U188,P007,Screen Guard,2,199,2025-07-25 06:33:02,Wallet,Mumbai
1442,U034,P007,Screen Guard,2,199,2025-07-20 03:48:19,COD,Mumbai
1443,U144,P001,Bluetooth Speaker,2,1499,2025-07-26 18:34:54,Credit Card,Chennai
1444,U120,P001,Bluetooth Speaker,2,1499,2025-07-14 05:34:35,Wallet,Hyderabad
1445,U064,P002,Mobile Cover,1,299,2025-07-10 01:11:58,UPI,Hyderabad
1446,U075,P004,Smart Watch,3,3499,2025-07-21 16:54:29,Wallet,Kolkata
1447,U064,P007,Screen Guard,1,199,2025-07-07 11:01:08,Netbanking,Hyderabad
1448,U148,P006,Charger,2,699,2025-07-26 06:42:10,Credit Card,Chennai
1449,U196,P002,Mobile Cover,2,299,2025-07-25 04:08:54,COD,Kolkata
1450,U120,P004,Smart Watch,2,3499,2025-07-16 16:28:53,Wallet,Hyderabad
1451,U006,P001,Bluetooth Speaker,2,1499,2025-08-04 01:24:55,COD,Mumbai
1452,U118,P002,Mobile Cover,1,299,2025-07-06 12:55:20,COD,Delhi
1453,U091,P001,Bluetooth Speaker,1,1499,2025-07-19 10:02:02,Netbanking,Bengaluru
1454,U127,P005,Earbuds,3,1999,2025-07-14 00:45:39,Wallet,Pune
1455,U074,P005,Earbuds,1,1999,2025-07-15 08:01:57,UPI,Mumbai
1456,U111,P002,Mobile Cover,2,299,2025-07-25 22:23:16,Netbanking,Mumbai
1457,U196,P004,Smart Watch,2,3499,2025-07-08 11:37:31,UPI,Kolkata
1458,U103,P001,Bluetooth Speaker,3,1499,2025-07-11 03:18:37,COD,Bengaluru
1459,U050,P003,Power Bank,3,999,2025-07-17 16:37:30,Netbanking,Mumbai
1460,U019,P004,Smart Watch,3,3499,2025-07-31 11:31:19,Wallet,Hyderabad
1461,U196,P005,Earbuds,2,1999,2025-07-17 20:11:39,COD,Kolkata
1462,U175,P005,Earbuds,1,1999,2025-07-11 13:54:19,Credit Card,Chennai
1463,U025,P004,Smart Watch,2,3499,2025-07-28 07:41:03,Netbanking,Delhi
1464,U143,P003,Power Bank,1,999,2025-07-05 13:57:14,Credit Card,Kolkata
1465,U155,P005,Earbuds,2,1999,2025-07-07 11:56:23,COD,Pune
1466,U011,P001,Bluetooth Speaker,1,1499,2025-07-24 04:00:55,Credit Card,Delhi
1467,U183,P003,Power Bank,2,999,2025-07-23 02:34:03,COD,Chennai
1468,U117,P002,Mobile Cover,3,299,2025-07-11 20:17:34,COD,Delhi
1469,U036,P003,Power Bank,3,999,2025-08-01 15:42:15,Netbanking,Chennai
1470,U042,P004,Smart Watch,3,3499,2025-07-17 16:50:41,Netbanking,Bengaluru
1471,U152,P003,Power Bank,3,999,2025-07-22 00:29:36,COD,Chennai
1472,U137,P004,Smart Watch,3,3499,2025-07-14 02:33:16,COD,Chennai
1473,U077,P004,Smart Watch,1,3499,2025-07-19 19:00:42,Netbanking,Pune
1474,U085,P006,Charger,1,699,2025-07-07 08:49:37,Wallet,Kolkata
1475,U150,P003,Power Bank,3,999,2025-07-27 08:36:10,UPI,Delhi
1476,U153,P004,Smart Watch,2,3499,2025-07-24 13:38:02,COD,Kolkata
1477,U148,P002,Mobile Cover,3,299,2025-08-01 07:45:33,UPI,Chennai
1478,U150,P004,Smart Watch,1,3499,2025-07-28 04:57:38,COD,Delhi
1479,U162,P006,Charger,3,699,2025-07-29 08:53:08,Wallet,Delhi
1480,U038,P007,Screen Guard,3,199,2025-07-13 22:15:21,Credit Card,Mumbai
1481,U009,P005,Earbuds,3,1999,2025-07-25 22:08:26,UPI,Kolkata
1482,U049,P001,Bluetooth Speaker,2,1499,2025-07-13 17:45:07,Netbanking,Bengaluru
1483,U108,P002,Mobile Cover,2,299,2025-07-23 14:52:31,Credit Card,Hyderabad
1484,U106,P005,Earbuds,3,1999,2025-07-21 19:46:50,Wallet,Chennai
1485,U189,P006,Charger,1,699,2025-07-10 07:47:54,Credit Card,Bengaluru
1486,U133,P002,Mobile Cover,3,299,2025-08-04 03:22:34,Netbanking,Mumbai
1487,U170,P004,Smart Watch,3,3499,2025-07-06 22:44:35,Wallet,Chennai
1488,U081,P002,Mobile Cover,2,299,2025-07-11 16:15:33,COD,Pune
1489,U088,P005,Earbuds,2,1999,2025-07-22 00:02:28,Netbanking,Delhi
1490,U157,P004,Smart Watch,1,3499,2025-07-25 12:43:15,Credit Card,Mumbai
1491,U072,P005,Earbuds,2,1999,2025-07-22 11:04:38,Credit Card,Hyderabad
1492,U077,P007,Screen Guard,2,199,2025-07-14 15:31:26,Credit Card,Pune
1493,U177,P006,Charger,2,699,2025-07-31 09:18:18,Netbanking,Kolkata
1494,U123,P003,Power Bank,3,999,2025-07-15 04:18:11,Netbanking,Delhi
1495,U074,P001,Bluetooth Speaker,3,1499,2025-07-22 03:46:00,COD,Mumbai
1496,U098,P004,Smart Watch,2,3499,2025-07-21 23:31:56,Credit Card,Mumbai
1497,U075,P001,Bluetooth Speaker,2,1499,2025-07-08 12:23:37,UPI,Kolkata
1498,U089,P004,Smart Watch,3,3499,2025-07-15 03:00:46,Netbanking,Kolkata
1499,U192,P004,Smart Watch,1,3499,2025-07-23 10:28:32,Credit Card,Kolkata
1500,U138,P003,Power Bank,3,999,2025-07-07 12:33:28,Netbanking,Delhi
1501,U036,P001,Bluetooth Speaker,3,1499,2025-07-11 13:24:26,COD,Chennai
1502,U062,P002,Mobile Cover,1,299,2025-07-11 05:57:10,COD,Mumbai
1503,U058,P006,Charger,1,699,2025-07-19 07:45:21,UPI,Kolkata
1504,U026,P004,Smart Watch,2,3499,2025-07-23 16:09:17,Wallet,Pune
1505,U026,P006,Charger,1,699,2025-08-04 00:37:09,UPI,Pune
1506,U141,P002,Mobile Cover,2,299,2025-07-07 20:17:28,Wallet,Kolkata
1507,U123,P006,Charger,1,699,2025-07-16 18:56:04,Netbanking,Delhi
1508,U083,P003,Power Bank,3,999,2025-07-25 06:52:57,UPI,Kolkata
1509,U197,P001,Bluetooth Speaker,3,1499,2025-07-23 12:56:21,COD,Pune
1510,U060,P005,Earbuds,3,1999,2025-07-30 22:52:44,UPI,Bengaluru
1511,U045,P004,Smart Watch,1,3499,2025-07-28 06:47:52,UPI,Chennai
1512,U102,P007,Screen Guard,2,199,2025-07-25 13:46:11,Credit Card,Hyderabad
1513,U192,P007,Screen Guard,2,199,2025-07-31 11:48:40,UPI,Kolkata
1514,U003,P003,Power Bank,3,999,2025-07-07 21:27:55,COD,Pune
1515,U028,P003,Power Bank,2,999,2025-07-11 08:34:27,Wallet,Hyderabad
1516,U165,P005,Earbuds,3,1999,2025-07-21 20:25:27,Wallet,Pune
1517,U035,P007,Screen Guard,3,199,2025-07-21 08:30:51,Wallet,Mumbai
1518,U070,P002,Mobile Cover,1,299,2025-07-23 15:31:20,Netbanking,Bengaluru
1519,U042,P006,Charger,2,699,2025-07-23 06:38:20,Netbanking,Bengaluru
1520,U184,P002,Mobile Cover,1,299,2025-08-01 22:21:16,Netbanking,Pune
1521,U076,P005,Earbuds,3,1999,2025-07-21 04:03:47,Credit Card,Hyderabad
1522,U045,P005,Earbuds,3,1999,2025-07-22 17:24:48,Wallet,Chennai
1523,U110,P005,Earbuds,2,1999,2025-07-09 14:53:00,UPI,Delhi
1524,U103,P006,Charger,1,699,2025-07-11 06:19:57,Credit Card,Bengaluru
1525,U036,P004,Smart Watch,2,3499,2025-07-20 19:07:27,Credit Card,Chennai
1526,U002,P003,Power Bank,2,999,2025-07-20 19:54:53,Credit Card,Mumbai
1527,U115,P007,Screen Guard,2,199,2025-07-13 23:00:12,Netbanking,Bengaluru
1528,U078,P005,Earbuds,3,1999,2025-07-09 20:36:50,COD,Hyderabad
1529,U003,P003,Power Bank,3,999,2025-07-10 01:18:40,Netbanking,Pune
1530,U178,P002,Mobile Cover,1,299,2025-07-08 11:39:28,UPI,Delhi
1531,U120,P003,Power Bank,1,999,2025-07-23 12:14:19,Wallet,Hyderabad
1532,U176,P005,Earbuds,3,1999,2025-07-07 06:33:43,Netbanking,Pune
1533,U177,P001,Bluetooth Speaker,3,1499,2025-07-18 21:53:23,Netbanking,Kolkata
1534,U095,P005,Earbuds,1,1999,2025-08-03 01:20:52,Credit Card,Mumbai
1535,U035,P004,Smart Watch,1,3499,2025-07-31 12:41:09,Wallet,Mumbai
1536,U192,P005,Earbuds,2,1999,2025-07-20 22:15:12,Wallet,Kolkata
1537,U180,P005,Earbuds,2,1999,2025-07-11 14:05:14,COD,Mumbai
1538,U171,P007,Screen Guard,1,199,2025-07-31 12:17:07,Credit Card,Pune
1539,U175,P007,Screen Guard,3,199,2025-07-18 08:42:57,UPI,Chennai
1540,U135,P004,Smart Watch,3,3499,2025-07-29 17:54:13,Netbanking,Bengaluru
1541,U020,P005,Earbuds,1,1999,2025-07-07 13:05:38,UPI,Bengaluru
1542,U141,P005,Earbuds,1,1999,2025-07-19 01:32:35,COD,Kolkata
1543,U138,P002,Mobile Cover,1,299,2025-08-02 18:36:18,Netbanking,Delhi
1544,U134,P004,Smart Watch,1,3499,2025-07-24 22:28:08,Credit Card,Hyderabad
1545,U184,P005,Earbuds,2,1999,2025-07-28 14:35:27,UPI,Pune
1546,U131,P004,Smart Watch,1,3499,2025-07-21 07:11:15,Wallet,Bengaluru
1547,U034,P005,Earbuds,2,1999,2025-07-21 21:15:19,Wallet,Mumbai
1548,U145,P001,Bluetooth Speaker,3,1499,2025-07-29 01:54:34,Wallet,Pune
1549,U173,P007,Screen Guard,2,199,2025-07-29 20:10:00,UPI,Delhi
1550,U102,P003,Power Bank,1,999,2025-07-17 12:08:18,Credit Card,Hyderabad
1551,U149,P001,Bluetooth Speaker,1,1499,2025-07-25 15:43:18,Wallet,Mumbai
1552,U089,P006,Charger,1,699,2025-07-16 02:33:02,COD,Kolkata
1553,U016,P001,Bluetooth Speaker,2,1499,2025-07-28 13:17:33,UPI,Hyderabad
1554,U074,P004,Smart Watch,1,3499,2025-08-01 14:05:35,Credit Card,Mumbai
1555,U197,P006,Charger,3,699,2025-07-09 00:57:21,Wallet,Pune
1556,U096,P004,Smart Watch,2,3499,2025-08-02 23:59:59,Wallet,Chennai
1557,U097,P001,Bluetooth Speaker,3,1499,2025-07-21 18:03:55,COD,Delhi
1558,U035,P006,Charger,2,699,2025-07-10 09:25:30,UPI,Mumbai
1559,U046,P005,Earbuds,2,1999,2025-08-03 07:55:34,COD,Hyderabad
1560,U033,P006,Charger,1,699,2025-07-25 18:18:19,UPI,Chennai
1561,U194,P001,Bluetooth Speaker,2,1499,2025-08-02 01:13:23,Wallet,Mumbai
1562,U173,P006,Charger,3,699,2025-07-17 05:56:18,Wallet,Delhi
1563,U137,P004,Smart Watch,1,3499,2025-07-30 22:30:12,Credit Card,Chennai
1564,U118,P003,Power Bank,1,999,2025-07-14 05:53:46,Netbanking,Delhi
1565,U049,P006,Charger,1,699,2025-07-28 19:54:04,UPI,Bengaluru
1566,U170,P004,Smart Watch,3,3499,2025-07-29 20:05:04,UPI,Chennai
1567,U062,P002,Mobile Cover,1,299,2025-08-01 21:58:25,UPI,Mumbai
1568,U153,P001,Bluetooth Speaker,2,1499,2025-07-27 11:21:09,COD,Kolkata
1569,U173,P006,Charger,1,699,2025-07-17 13:14:55,Credit Card,Delhi
1570,U190,P001,Bluetooth Speaker,2,1499,2025-07-15 09:41:43,Wallet,Kolkata
1571,U060,P005,Earbuds,1,1999,2025-07-09 00:03:09,UPI,Bengaluru
1572,U036,P005,Earbuds,2,1999,2025-08-04 09:59:32,Credit Card,Chennai
1573,U188,P005,Earbuds,2,1999,2025-08-03 22:53:25,COD,Mumbai
1574,U154,P007,Screen Guard,3,199,2025-07-10 14:14:15,Netbanking,Delhi
1575,U061,P003,Power Bank,1,999,2025-07-15 02:45:45,COD,Kolkata
1576,U057,P004,Smart Watch,2,3499,2025-08-02 01:38:56,Netbanking,Bengaluru
1577,U016,P005,Earbuds,3,1999,2025-07-29 19:44:28,Credit Card,Hyderabad
1578,U161,P006,Charger,2,699,2025-08-04 00:10:00,COD,Chennai
1579,U127,P001,Bluetooth Speaker,2,1499,2025-08-01 01:52:16,Wallet,Pune
1580,U135,P003,Power Bank,3,999,2025-07-07 14:58:40,Wallet,Bengaluru
1581,U105,P002,Mobile Cover,2,299,2025-07-19 12:29:35,Wallet,Hyderabad
1582,U048,P007,Screen Guard,3,199,2025-07-07 00:16:04,Wallet,Kolkata
1583,U062,P007,Screen Guard,1,199,2025-07-07 04:26:58,Netbanking,Mumbai
1584,U182,P002,Mobile Cover,2,299,2025-07-30 22:59:09,UPI,Chennai
1585,U144,P004,Smart Watch,2,3499,2025-07-28 11:12:01,COD,Chennai
1586,U136,P002,Mobile Cover,2,299,2025-08-03 02:37:25,Credit Card,Kolkata
1587,U066,P002,Mobile Cover,2,299,2025-07-24 00:00:16,UPI,Pune
1588,U116,P007,Screen Guard,2,199,2025-07-26 21:52:32,UPI,Hyderabad
1589,U138,P006,Charger,1,699,2025-07-24 09:01:57,UPI,Delhi
1590,U069,P004,Smart Watch,3,3499,2025-08-01 23:58:03,COD,Bengaluru
1591,U155,P001,Bluetooth Speaker,1,1499,2025-07-09 12:29:07,Credit Card,Pune
1592,U195,P005,Earbuds,3,1999,2025-07-12 23:31:49,COD,Delhi
1593,U056,P004,Smart Watch,1,3499,2025-08-02 22:04:20,Netbanking,Hyderabad
1594,U078,P001,Bluetooth Speaker,1,1499,2025-07-15 21:25:28,Credit Card,Hyderabad
1595,U190,P001,Bluetooth Speaker,3,1499,2025-07-08 12:25:40,Wallet,Kolkata
1596,U063,P006,Charger,3,699,2025-07-29 20:01:16,Credit Card,Hyderabad
1597,U102,P002,Mobile Cover,3,299,2025-07-28 05:20:28,Netbanking,Hyderabad
1598,U199,P003,Power Bank,2,999,2025-07-29 10:52:22,Wallet,Mumbai
1599,U137,P006,Charger,2,699,2025-08-02 13:51:03,Netbanking,Chennai
1600,U067,P003,Power Bank,3,999,2025-07-10 22:42:29,Wallet,Pune
1601,U120,P001,Bluetooth Speaker,3,1499,2025-07-22 18:08:14,Wallet,Hyderabad
1602,U195,P007,Screen Guard,2,199,2025-07-16 13:19:24,Credit Card,Delhi
1603,U095,P003,Power Bank,2,999,2025-07-25 05:49:10,UPI,Mumbai
1604,U145,P007,Screen Guard,1,199,2025-07-09 22:14:53,Credit Card,Pune
1605,U005,P003,Power Bank,3,999,2025-07-06 21:15:15,COD,Bengaluru
1606,U149,P006,Charger,2,699,2025-07-27 05:25:13,Netbanking,Mumbai
1607,U040,P002,Mobile Cover,2,299,2025-07-08 06:55:37,Credit Card,Hyderabad
1608,U098,P005,Earbuds,1,1999,2025-07-17 07:54:05,Wallet,Mumbai
1609,U141,P006,Charger,3,699,2025-07-29 22:49:29,Netbanking,Kolkata
1610,U066,P007,Screen Guard,2,199,2025-07-26 22:04:17,Wallet,Pune
1611,U118,P002,Mobile Cover,3,299,2025-07-26 09:09:56,Netbanking,Delhi
1612,U044,P002,Mobile Cover,3,299,2025-07-29 16:27:44,COD,Kolkata
1613,U126,P002,Mobile Cover,3,299,2025-08-01 09:22:22,UPI,Pune
1614,U135,P001,Bluetooth Speaker,1,1499,2025-07-31 13:18:46,UPI,Bengaluru
1615,U196,P001,Bluetooth Speaker,2,1499,2025-07-06 13:49:49,Credit Card,Kolkata
1616,U162,P002,Mobile Cover,1,299,2025-07-15 20:30:42,Credit Card,Delhi
1617,U003,P002,Mobile Cover,3,299,2025-07-26 14:03:08,Wallet,Pune
1618,U096,P001,Bluetooth Speaker,3,1499,2025-07-17 08:39:40,COD,Chennai
1619,U124,P006,Charger,2,699,2025-07-26 01:57:07,UPI,Pune
1620,U002,P005,Earbuds,3,1999,2025-07-31 15:00:37,Wallet,Mumbai
1621,U004,P001,Bluetooth Speaker,3,1499,2025-07-20 16:26:54,Netbanking,Hyderabad
1622,U138,P003,Power Bank,1,999,2025-07-25 10:53:19,COD,Delhi
1623,U179,P006,Charger,2,699,2025-07-12 00:12:42,Credit Card,Bengaluru
1624,U028,P001,Bluetooth Speaker,3,1499,2025-07-07 08:08:36,Credit Card,Hyderabad
1625,U062,P002,Mobile Cover,3,299,2025-07-29 17:45:38,COD,Mumbai
1626,U065,P007,Screen Guard,2,199,2025-07-06 14:27:27,Netbanking,Mumbai
1627,U102,P001,Bluetooth Speaker,2,1499,2025-07-20 00:34:59,Wallet,Hyderabad
1628,U118,P005,Earbuds,1,1999,2025-08-01 15:50:01,Credit Card,Delhi
1629,U077,P006,Charger,1,699,2025-07-25 22:51:08,UPI,Pune
1630,U024,P004,Smart Watch,2,3499,2025-07-16 12:41:01,Wallet,Pune
1631,U142,P004,Smart Watch,1,3499,2025-07-13 04:51:29,UPI,Hyderabad
1632,U180,P002,Mobile Cover,1,299,2025-07-12 18:13:05,Wallet,Mumbai
1633,U112,P006,Charger,2,699,2025-07-25 02:56:08,COD,Mumbai
1634,U025,P005,Earbuds,1,1999,2025-07-22 07:01:56,Credit Card,Delhi
1635,U055,P007,Screen Guard,3,199,2025-07-17 15:52:01,COD,Hyderabad
1636,U122,P003,Power Bank,1,999,2025-07-20 00:49:17,UPI,Pune
1637,U176,P003,Power Bank,3,999,2025-07-30 17:42:27,COD,Pune
1638,U169,P001,Bluetooth Speaker,1,1499,2025-07-29 09:30:30,Netbanking,Hyderabad
1639,U005,P002,Mobile Cover,3,299,2025-07-28 03:48:17,Credit Card,Bengaluru
1640,U193,P007,Screen Guard,3,199,2025-07-12 05:54:41,Wallet,Kolkata
1641,U020,P003,Power Bank,1,999,2025-07-11 15:33:31,COD,Bengaluru
1642,U062,P005,Earbuds,2,1999,2025-07-23 10:38:25,COD,Mumbai
1643,U085,P004,Smart Watch,3,3499,2025-08-04 03:02:53,Credit Card,Kolkata
1644,U177,P006,Charger,1,699,2025-08-02 07:30:34,COD,Kolkata
1645,U191,P003,Power Bank,1,999,2025-08-01 00:53:07,UPI,Mumbai
1646,U112,P002,Mobile Cover,1,299,2025-07-20 12:31:49,Netbanking,Mumbai
1647,U155,P007,Screen Guard,3,199,2025-07-20 06:49:39,COD,Pune
1648,U102,P007,Screen Guard,2,199,2025-07-20 17:32:08,UPI,Hyderabad
1649,U163,P003,Power Bank,2,999,2025-07-17 18:22:57,Wallet,Bengaluru
1650,U059,P003,Power Bank,3,999,2025-07-31 01:50:57,Wallet,Bengaluru
1651,U111,P002,Mobile Cover,3,299,2025-07-24 17:59:06,COD,Mumbai
1652,U170,P004,Smart Watch,1,3499,2025-08-01 18:51:36,COD,Chennai
1653,U076,P007,Screen Guard,1,199,2025-07-07 05:02:47,UPI,Hyderabad
1654,U022,P003,Power Bank,1,999,2025-07-06 04:06:43,Wallet,Kolkata
1655,U183,P007,Screen Guard,3,199,2025-07-20 15:03:36,Credit Card,Chennai
1656,U190,P004,Smart Watch,2,3499,2025-07-20 09:00:11,Netbanking,Kolkata
1657,U028,P001,Bluetooth Speaker,1,1499,2025-07-12 06:42:30,Netbanking,Hyderabad
1658,U114,P003,Power Bank,2,999,2025-07-16 02:47:00,UPI,Bengaluru
1659,U034,P001,Bluetooth Speaker,1,1499,2025-07-28 02:27:47,Wallet,Mumbai
1660,U115,P005,Earbuds,3,1999,2025-07-30 17:00:52,COD,Bengaluru
1661,U105,P001,Bluetooth Speaker,1,1499,2025-07-09 07:39:13,UPI,Hyderabad
1662,U091,P005,Earbuds,1,1999,2025-07-14 00:57:04,COD,Bengaluru
1663,U154,P007,Screen Guard,2,199,2025-07-30 22:51:23,Wallet,Delhi
1664,U004,P003,Power Bank,2,999,2025-07-10 21:47:33,Wallet,Hyderabad
1665,U200,P001,Bluetooth Speaker,3,1499,2025-07-29 19:54:00,COD,Delhi
1666,U063,P005,Earbuds,3,1999,2025-07-13 05:16:44,Credit Card,Hyderabad
1667,U176,P004,Smart Watch,1,3499,2025-07-06 02:02:27,Credit Card,Pune
1668,U069,P003,Power Bank,2,999,2025-07-15 22:07:58,Wallet,Bengaluru
1669,U038,P001,Bluetooth Speaker,1,1499,2025-07-10 14:43:06,Wallet,Mumbai
1670,U071,P004,Smart Watch,2,3499,2025-07-20 19:55:16,Wallet,Hyderabad
1671,U020,P003,Power Bank,2,999,2025-07-14 11:21:01,Credit Card,Bengaluru
1672,U185,P006,Charger,2,699,2025-07-13 23:15:24,COD,Chennai
1673,U158,P002,Mobile Cover,2,299,2025-07-17 15:07:36,UPI,Bengaluru
1674,U035,P003,Power Bank,1,999,2025-07-25 11:10:21,Wallet,Mumbai
1675,U086,P007,Screen Guard,3,199,2025-08-01 23:52:09,Wallet,Mumbai
1676,U085,P004,Smart Watch,2,3499,2025-07-23 19:11:15,Wallet,Kolkata
1677,U167,P005,Earbuds,1,1999,2025-07-23 16:37:30,Netbanking,Hyderabad
1678,U083,P005,Earbuds,3,1999,2025-08-01 06:22:35,Credit Card,Kolkata
1679,U123,P003,Power Bank,1,999,2025-07-14 08:18:30,Wallet,Delhi
1680,U082,P003,Power Bank,3,999,2025-08-01 05:44:49,Wallet,Chennai
1681,U148,P007,Screen Guard,1,199,2025-07-29 10:41:54,Netbanking,Chennai
1682,U097,P003,Power Bank,2,999,2025-07-30 01:14:37,Netbanking,Delhi
1683,U030,P005,Earbuds,1,1999,2025-07-14 07:13:13,COD,Pune
1684,U140,P002,Mobile Cover,3,299,2025-07-06 01:58:51,COD,Pune
1685,U007,P006,Charger,2,699,2025-07-27 06:58:27,Credit Card,Hyderabad
1686,U113,P007,Screen Guard,2,199,2025-07-19 17:09:51,UPI,Chennai
1687,U105,P006,Charger,2,699,2025-07-27 05:01:46,Credit Card,Hyderabad
1688,U163,P003,Power Bank,1,999,2025-07-06 07:57:09,Netbanking,Bengaluru
1689,U169,P002,Mobile Cover,3,299,2025-07-30 00:04:54,Wallet,Hyderabad
1690,U097,P001,Bluetooth Speaker,2,1499,2025-07-27 04:04:16,COD,Delhi
1691,U123,P005,Earbuds,2,1999,2025-07-20 12:15:41,COD,Delhi
1692,U130,P007,Screen Guard,3,199,2025-08-03 06:17:27,Wallet,Pune
1693,U140,P001,Bluetooth Speaker,2,1499,2025-07-24 19:59:35,COD,Pune
1694,U153,P006,Charger,1,699,2025-07-20 08:47:32,UPI,Kolkata
1695,U197,P002,Mobile Cover,3,299,2025-07-19 17:30:19,Netbanking,Pune
1696,U043,P006,Charger,3,699,2025-07-09 00:00:51,UPI,Mumbai
1697,U145,P006,Charger,3,699,2025-07-14 22:30:51,Wallet,Pune
1698,U193,P003,Power Bank,2,999,2025-07-23 03:02:08,UPI,Kolkata
1699,U003,P001,Bluetooth Speaker,2,1499,2025-07-24 07:09:36,Credit Card,Pune
1700,U131,P006,Charger,3,699,2025-07-28 07:07:44,COD,Bengaluru
1701,U149,P006,Charger,3,699,2025-07-17 01:28:03,Credit Card,Mumbai
1702,U115,P003,Power Bank,2,999,2025-07-18 11:04:40,Wallet,Bengaluru
1703,U198,P006,Charger,3,699,2025-07-22 06:45:49,COD,Chennai
1704,U039,P003,Power Bank,1,999,2025-07-06 10:31:32,Wallet,Pune
1705,U027,P003,Power Bank,2,999,2025-07-13 14:09:05,UPI,Hyderabad
1706,U030,P007,Screen Guard,3,199,2025-07-25 07:42:21,Credit Card,Pune
1707,U090,P003,Power Bank,2,999,2025-07-23 19:10:09,Wallet,Kolkata
1708,U053,P005,Earbuds,2,1999,2025-07-06 12:31:10,Netbanking,Kolkata
1709,U122,P001,Bluetooth Speaker,2,1499,2025-07-27 02:35:43,Wallet,Pune
1710,U082,P001,Bluetooth Speaker,2,1499,2025-07-19 15:04:55,UPI,Chennai
1711,U182,P001,Bluetooth Speaker,1,1499,2025-07-09 12:29:37,Netbanking,Chennai
1712,U166,P001,Bluetooth Speaker,3,1499,2025-07-10 03:27:28,Credit Card,Pune
1713,U190,P002,Mobile Cover,3,299,2025-07-10 10:15:05,Credit Card,Kolkata
1714,U142,P002,Mobile Cover,2,299,2025-07-07 23:34:27,COD,Hyderabad
1715,U110,P004,Smart Watch,1,3499,2025-07-13 08:28:13,Wallet,Delhi
1716,U162,P002,Mobile Cover,1,299,2025-08-01 15:35:13,Wallet,Delhi
1717,U102,P001,Bluetooth Speaker,3,1499,2025-07-29 19:07:17,COD,Hyderabad
1718,U051,P004,Smart Watch,3,3499,2025-07-06 23:10:48,Wallet,Pune
1719,U100,P001,Bluetooth Speaker,3,1499,2025-07-11 20:43:37,Credit Card,Pune
1720,U053,P003,Power Bank,3,999,2025-07-27 01:14:01,UPI,Kolkata
1721,U148,P001,Bluetooth Speaker,3,1499,2025-07-19 15:30:58,Credit Card,Chennai
1722,U094,P003,Power Bank,1,999,2025-07-28 18:30:31,Wallet,Mumbai
1723,U030,P003,Power Bank,3,999,2025-07-12 05:43:33,Wallet,Pune
1724,U136,P006,Charger,2,699,2025-07-08 14:27:34,COD,Kolkata
1725,U100,P005,Earbuds,2,1999,2025-07-12 03:53:20,COD,Pune
1726,U030,P003,Power Bank,2,999,2025-07-19 06:02:42,Wallet,Pune
1727,U159,P002,Mobile Cover,3,299,2025-07-09 16:18:54,Netbanking,Delhi
1728,U158,P005,Earbuds,1,1999,2025-07-31 10:07:47,Credit Card,Bengaluru
1729,U081,P001,Bluetooth Speaker,1,1499,2025-08-01 13:58:47,Netbanking,Pune
1730,U030,P002,Mobile Cover,2,299,2025-07-13 21:56:28,Credit Card,Pune
1731,U131,P004,Smart Watch,2,3499,2025-07-24 01:36:35,COD,Bengaluru
1732,U036,P005,Earbuds,2,1999,2025-07-27 18:35:07,Wallet,Chennai
1733,U048,P004,Smart Watch,3,3499,2025-07-23 13:50:42,COD,Kolkata
1734,U178,P006,Charger,1,699,2025-07-07 14:01:24,COD,Delhi
1735,U043,P004,Smart Watch,2,3499,2025-08-04 02:50:38,Credit Card,Mumbai
1736,U048,P003,Power Bank,2,999,2025-08-02 07:05:18,COD,Kolkata
1737,U014,P007,Screen Guard,2,199,2025-07-14 20:06:06,UPI,Delhi
1738,U125,P002,Mobile Cover,1,299,2025-07-30 06:22:00,Wallet,Delhi
1739,U144,P005,Earbuds,3,1999,2025-07-12 13:52:13,Wallet,Chennai
1740,U105,P006,Charger,2,699,2025-07-11 09:12:34,Wallet,Hyderabad
1741,U182,P007,Screen Guard,2,199,2025-08-01 09:42:15,Wallet,Chennai
1742,U043,P001,Bluetooth Speaker,3,1499,2025-07-31 21:09:03,UPI,Mumbai
1743,U195,P002,Mobile Cover,2,299,2025-07-23 20:44:11,UPI,Delhi
1744,U071,P002,Mobile Cover,3,299,2025-07-10 00:33:05,Netbanking,Hyderabad
1745,U044,P007,Screen Guard,2,199,2025-07-06 22:56:38,COD,Kolkata
1746,U191,P007,Screen Guard,2,199,2025-08-02 02:19:42,COD,Mumbai
1747,U131,P001,Bluetooth Speaker,3,1499,2025-07-07 08:03:21,UPI,Bengaluru
1748,U069,P007,Screen Guard,3,199,2025-07-23 00:29:24,Netbanking,Bengaluru
1749,U139,P007,Screen Guard,1,199,2025-07-30 12:53:49,Wallet,Delhi
1750,U140,P002,Mobile Cover,2,299,2025-07-30 20:42:32,UPI,Pune
1751,U189,P007,Screen Guard,3,199,2025-07-10 13:16:37,Credit Card,Bengaluru
1752,U077,P007,Screen Guard,1,199,2025-07-23 10:47:40,Wallet,Pune
1753,U068,P003,Power Bank,1,999,2025-07-17 06:41:39,Wallet,Chennai
1754,U031,P007,Screen Guard,1,199,2025-07-12 00:44:01,Credit Card,Pune
1755,U189,P005,Earbuds,3,1999,2025-07-31 02:04:56,Netbanking,Bengaluru
1756,U182,P005,Earbuds,3,1999,2025-07-29 07:27:24,Wallet,Chennai
1757,U043,P005,Earbuds,1,1999,2025-07-20 16:20:42,Credit Card,Mumbai
1758,U053,P007,Screen Guard,1,199,2025-07-16 01:32:01,COD,Kolkata
1759,U090,P005,Earbuds,2,1999,2025-07-16 10:07:00,COD,Kolkata
1760,U138,P002,Mobile Cover,2,299,2025-07-16 02:37:19,Netbanking,Delhi
1761,U075,P005,Earbuds,2,1999,2025-07-11 20:15:19,COD,Kolkata
1762,U174,P007,Screen Guard,1,199,2025-07-21 02:04:14,Credit Card,Chennai
1763,U193,P007,Screen Guard,2,199,2025-07-23 16:22:24,UPI,Kolkata
1764,U071,P007,Screen Guard,3,199,2025-07-13 11:00:40,Credit Card,Hyderabad
1765,U180,P007,Screen Guard,1,199,2025-07-17 11:08:54,Credit Card,Mumbai
1766,U038,P006,Charger,2,699,2025-07-28 11:17:18,Credit Card,Mumbai
1767,U195,P007,Screen Guard,3,199,2025-07-22 16:56:41,Wallet,Delhi
1768,U126,P002,Mobile Cover,3,299,2025-07-12 13:36:30,Netbanking,Pune
1769,U161,P004,Smart Watch,2,3499,2025-07-14 04:32:10,Wallet,Chennai
1770,U020,P006,Charger,1,699,2025-07-12 07:23:08,Wallet,Bengaluru
1771,U132,P006,Charger,2,699,2025-08-02 12:48:22,Netbanking,Kolkata
1772,U117,P004,Smart Watch,2,3499,2025-07-06 19:23:13,COD,Delhi
1773,U001,P007,Screen Guard,3,199,2025-07-27 18:22:04,UPI,Bengaluru
1774,U188,P004,Smart Watch,3,3499,2025-07-20 22:20:51,Netbanking,Mumbai
1775,U017,P007,Screen Guard,3,199,2025-07-28 03:47:47,Wallet,Bengaluru
1776,U056,P004,Smart Watch,1,3499,2025-07-14 10:05:05,Wallet,Hyderabad
1777,U069,P003,Power Bank,2,999,2025-07-20 20:40:37,Netbanking,Bengaluru
1778,U141,P005,Earbuds,1,1999,2025-07-18 01:22:34,COD,Kolkata
1779,U125,P007,Screen Guard,2,199,2025-07-07 16:46:40,UPI,Delhi
1780,U012,P001,Bluetooth Speaker,3,1499,2025-07-21 19:26:15,Wallet,Kolkata
1781,U005,P001,Bluetooth Speaker,1,1499,2025-07-06 03:14:27,Wallet,Bengaluru
1782,U117,P001,Bluetooth Speaker,2,1499,2025-07-18 21:50:20,Credit Card,Delhi
1783,U177,P002,Mobile Cover,3,299,2025-07-29 05:25:01,Netbanking,Kolkata
1784,U041,P007,Screen Guard,2,199,2025-07-28 00:35:27,UPI,Mumbai
1785,U168,P003,Power Bank,2,999,2025-07-13 00:31:34,UPI,Delhi
1786,U096,P006,Charger,3,699,2025-08-03 11:01:37,Credit Card,Chennai
1787,U014,P004,Smart Watch,3,3499,2025-07-11 14:31:42,Netbanking,Delhi
1788,U186,P006,Charger,1,699,2025-07-14 07:07:41,Wallet,Pune
1789,U168,P001,Bluetooth Speaker,3,1499,2025-08-03 08:10:03,UPI,Delhi
1790,U001,P002,Mobile Cover,2,299,2025-07-20 00:44:31,UPI,Bengaluru
1791,U034,P005,Earbuds,1,1999,2025-07-31 17:09:33,COD,Mumbai
1792,U175,P004,Smart Watch,1,3499,2025-07-25 01:24:47,UPI,Chennai
1793,U179,P003,Power Bank,1,999,2025-07-27 14:38:27,Wallet,Bengaluru
1794,U178,P002,Mobile Cover,2,299,2025-08-03 18:56:48,UPI,Delhi
1795,U059,P004,Smart Watch,1,3499,2025-07-15 21:44:48,UPI,Bengaluru
1796,U027,P003,Power Bank,2,999,2025-08-03 02:56:00,Netbanking,Hyderabad
1797,U036,P004,Smart Watch,1,3499,2025-07-22 07:13:52,Credit Card,Chennai
1798,U018,P005,Earbuds,3,1999,2025-08-02 12:17:41,UPI,Kolkata
1799,U157,P006,Charger,1,699,2025-07-11 06:29:16,Wallet,Mumbai
1800,U090,P006,Charger,1,699,2025-08-03 06:27:45,Credit Card,Kolkata
1801,U106,P005,Earbuds,3,1999,2025-07-18 22:54:17,Wallet,Chennai
1802,U056,P001,Bluetooth Speaker,1,1499,2025-07-10 01:22:20,Credit Card,Hyderabad
1803,U193,P001,Bluetooth Speaker,3,1499,2025-07-22 12:52:34,Wallet,Kolkata
1804,U090,P004,Smart Watch,2,3499,2025-07-09 13:20:49,Credit Card,Kolkata
1805,U064,P003,Power Bank,3,999,2025-07-28 11:54:04,UPI,Hyderabad
1806,U064,P005,Earbuds,3,1999,2025-07-08 10:23:59,COD,Hyderabad
1807,U185,P005,Earbuds,2,1999,2025-08-01 14:12:30,UPI,Chennai
1808,U169,P003,Power Bank,1,999,2025-07-24 09:29:33,COD,Hyderabad
1809,U156,P005,Earbuds,1,1999,2025-07-18 13:51:03,Wallet,Bengaluru
1810,U076,P006,Charger,1,699,2025-07-30 12:00:34,Credit Card,Hyderabad
1811,U127,P004,Smart Watch,1,3499,2025-08-01 11:46:20,Credit Card,Pune
1812,U128,P006,Charger,3,699,2025-08-02 07:00:09,UPI,Hyderabad
1813,U136,P001,Bluetooth Speaker,2,1499,2025-07-08 07:17:19,Netbanking,Kolkata
1814,U034,P004,Smart Watch,3,3499,2025-07-19 21:14:15,Wallet,Mumbai
1815,U094,P005,Earbuds,3,1999,2025-07-09 09:50:38,Credit Card,Mumbai
1816,U196,P004,Smart Watch,1,3499,2025-07-17 00:17:48,UPI,Kolkata
1817,U151,P001,Bluetooth Speaker,1,1499,2025-07-19 06:46:47,Netbanking,Mumbai
1818,U056,P001,Bluetooth Speaker,1,1499,2025-07-18 13:28:51,Wallet,Hyderabad
1819,U130,P003,Power Bank,3,999,2025-07-08 17:28:55,COD,Pune
1820,U197,P004,Smart Watch,2,3499,2025-07-18 14:19:07,Wallet,Pune
1821,U022,P006,Charger,3,699,2025-07-25 12:48:03,COD,Kolkata
1822,U158,P002,Mobile Cover,2,299,2025-07-19 17:33:02,UPI,Bengaluru
1823,U080,P001,Bluetooth Speaker,3,1499,2025-07-14 05:35:12,Credit Card,Mumbai
1824,U040,P005,Earbuds,2,1999,2025-07-26 03:36:43,Wallet,Hyderabad
1825,U151,P006,Charger,3,699,2025-07-05 13:04:59,UPI,Mumbai
1826,U080,P006,Charger,2,699,2025-07-26 21:20:32,Credit Card,Mumbai
1827,U015,P002,Mobile Cover,1,299,2025-07-16 10:26:03,Wallet,Kolkata
1828,U030,P004,Smart Watch,3,3499,2025-07-30 16:32:05,COD,Pune
1829,U015,P003,Power Bank,3,999,2025-07-20 23:41:04,Credit Card,Kolkata
1830,U031,P001,Bluetooth Speaker,3,1499,2025-07-21 01:11:32,Credit Card,Pune
1831,U180,P001,Bluetooth Speaker,1,1499,2025-08-01 13:05:01,Wallet,Mumbai
1832,U089,P005,Earbuds,3,1999,2025-07-11 08:00:53,Netbanking,Kolkata
1833,U043,P003,Power Bank,1,999,2025-07-10 09:54:21,Netbanking,Mumbai
1834,U188,P001,Bluetooth Speaker,1,1499,2025-07-27 18:32:17,Netbanking,Mumbai
1835,U110,P003,Power Bank,3,999,2025-07-22 03:29:48,UPI,Delhi
1836,U068,P006,Charger,3,699,2025-07-26 13:25:11,UPI,Chennai
1837,U128,P004,Smart Watch,3,3499,2025-07-06 17:47:25,Netbanking,Hyderabad
1838,U015,P004,Smart Watch,3,3499,2025-07-09 12:32:07,Credit Card,Kolkata
1839,U095,P002,Mobile Cover,2,299,2025-07-25 06:10:34,UPI,Mumbai
1840,U147,P006,Charger,3,699,2025-07-31 12:58:07,UPI,Delhi
1841,U059,P006,Charger,3,699,2025-08-02 04:02:20,UPI,Bengaluru
1842,U012,P007,Screen Guard,1,199,2025-08-03 21:16:21,Credit Card,Kolkata
1843,U012,P004,Smart Watch,2,3499,2025-07-08 06:39:11,Wallet,Kolkata
1844,U039,P002,Mobile Cover,1,299,2025-07-18 22:53:22,COD,Pune
1845,U183,P006,Charger,3,699,2025-07-25 23:37:05,Wallet,Chennai
1846,U058,P003,Power Bank,1,999,2025-07-18 09:15:08,Wallet,Kolkata
1847,U185,P003,Power Bank,2,999,2025-07-26 10:49:20,UPI,Chennai
1848,U147,P003,Power Bank,1,999,2025-07-17 19:05:33,COD,Delhi
1849,U173,P001,Bluetooth Speaker,1,1499,2025-07-07 17:14:30,Credit Card,Delhi
1850,U133,P001,Bluetooth Speaker,2,1499,2025-07-11 20:07:45,UPI,Mumbai
1851,U120,P007,Screen Guard,2,199,2025-07-09 00:17:30,Netbanking,Hyderabad
1852,U084,P001,Bluetooth Speaker,3,1499,2025-07-26 22:50:12,Wallet,Bengaluru
1853,U003,P003,Power Bank,1,999,2025-07-29 03:37:14,Netbanking,Pune
1854,U145,P007,Screen Guard,2,199,2025-07-07 11:41:05,COD,Pune
1855,U063,P004,Smart Watch,2,3499,2025-07-18 06:04:04,COD,Hyderabad
1856,U127,P007,Screen Guard,1,199,2025-07-08 10:45:54,COD,Pune
1857,U195,P007,Screen Guard,1,199,2025-07-20 00:17:49,Credit Card,Delhi
1858,U002,P004,Smart Watch,1,3499,2025-07-11 05:44:57,Credit Card,Mumbai
1859,U139,P003,Power Bank,3,999,2025-07-15 20:59:17,UPI,Delhi
1860,U086,P001,Bluetooth Speaker,3,1499,2025-07-15 14:53:03,Wallet,Mumbai
1861,U189,P006,Charger,2,699,2025-08-01 16:44:46,UPI,Bengaluru
1862,U053,P005,Earbuds,1,1999,2025-07-28 15:16:46,Wallet,Kolkata
1863,U126,P001,Bluetooth Speaker,1,1499,2025-07-26 22:39:54,Netbanking,Pune
1864,U024,P001,Bluetooth Speaker,1,1499,2025-07-27 03:14:25,COD,Pune
1865,U106,P006,Charger,2,699,2025-07-18 05:37:35,Wallet,Chennai
1866,U192,P001,Bluetooth Speaker,3,1499,2025-07-16 18:07:53,UPI,Kolkata
1867,U130,P002,Mobile Cover,3,299,2025-07-18 01:42:48,Wallet,Pune
1868,U020,P005,Earbuds,3,1999,2025-07-30 21:49:39,UPI,Bengaluru
1869,U112,P006,Charger,1,699,2025-07-24 20:15:11,Credit Card,Mumbai
1870,U075,P003,Power Bank,2,999,2025-07-13 11:20:12,Wallet,Kolkata
1871,U180,P007,Screen Guard,3,199,2025-07-10 07:30:16,Netbanking,Mumbai
1872,U082,P004,Smart Watch,2,3499,2025-07-12 23:56:30,Credit Card,Chennai
1873,U020,P002,Mobile Cover,1,299,2025-07-16 13:08:22,COD,Bengaluru
1874,U028,P002,Mobile Cover,1,299,2025-07-15 02:11:59,Credit Card,Hyderabad
1875,U116,P004,Smart Watch,2,3499,2025-07-19 12:20:15,Wallet,Hyderabad
1876,U031,P005,Earbuds,2,1999,2025-07-08 15:22:58,Credit Card,Pune
1877,U116,P003,Power Bank,2,999,2025-07-23 18:27:45,Netbanking,Hyderabad
1878,U031,P001,Bluetooth Speaker,1,1499,2025-07-23 15:36:04,Netbanking,Pune
1879,U181,P006,Charger,3,699,2025-07-17 23:12:48,UPI,Bengaluru
1880,U056,P007,Screen Guard,2,199,2025-07-27 03:43:16,Credit Card,Hyderabad
1881,U024,P006,Charger,1,699,2025-07-31 22:21:12,Netbanking,Pune
1882,U102,P005,Earbuds,1,1999,2025-07-06 18:05:36,Netbanking,Hyderabad
1883,U067,P007,Screen Guard,1,199,2025-07-28 14:54:00,UPI,Pune
1884,U104,P007,Screen Guard,2,199,2025-07-23 19:13:21,COD,Kolkata
1885,U192,P005,Earbuds,1,1999,2025-07-16 14:41:54,UPI,Kolkata
1886,U119,P001,Bluetooth Speaker,1,1499,2025-07-17 03:31:11,UPI,Chennai
1887,U004,P001,Bluetooth Speaker,1,1499,2025-07-12 19:12:05,Credit Card,Hyderabad
1888,U051,P007,Screen Guard,2,199,2025-07-07 11:11:52,Netbanking,Pune
1889,U176,P006,Charger,3,699,2025-08-02 20:18:37,UPI,Pune
1890,U150,P005,Earbuds,2,1999,2025-07-15 18:37:35,UPI,Delhi
1891,U006,P001,Bluetooth Speaker,1,1499,2025-07-28 10:46:54,Wallet,Mumbai
1892,U033,P001,Bluetooth Speaker,2,1499,2025-07-09 10:15:29,UPI,Chennai
1893,U011,P004,Smart Watch,1,3499,2025-07-13 22:31:18,Credit Card,Delhi
1894,U147,P004,Smart Watch,3,3499,2025-07-23 16:12:47,Wallet,Delhi
1895,U128,P001,Bluetooth Speaker,2,1499,2025-07-21 16:18:58,Wallet,Hyderabad
1896,U045,P003,Power Bank,1,999,2025-07-14 21:52:19,Credit Card,Chennai
1897,U071,P003,Power Bank,2,999,2025-07-10 22:09:37,Credit Card,Hyderabad
1898,U009,P005,Earbuds,3,1999,2025-07-13 03:42:15,COD,Kolkata
1899,U063,P006,Charger,2,699,2025-07-23 19:04:20,Wallet,Hyderabad
1900,U106,P005,Earbuds,2,1999,2025-07-23 19:31:53,UPI,Chennai
1901,U023,P003,Power Bank,2,999,2025-07-27 21:06:47,Credit Card,Chennai
1902,U108,P002,Mobile Cover,3,299,2025-08-02 08:53:26,COD,Hyderabad
1903,U064,P006,Charger,3,699,2025-08-02 17:39:22,UPI,Hyderabad
1904,U098,P007,Screen Guard,3,199,2025-07-15 13:25:48,Netbanking,Mumbai
1905,U123,P005,Earbuds,2,1999,2025-08-01 17:57:58,Netbanking,Delhi
1906,U145,P005,Earbuds,2,1999,2025-07-05 18:46:18,Wallet,Pune
1907,U070,P002,Mobile Cover,1,299,2025-07-05 14:20:50,Netbanking,Bengaluru
1908,U153,P002,Mobile Cover,1,299,2025-07-09 10:25:14,Netbanking,Kolkata
1909,U015,P007,Screen Guard,2,199,2025-07-21 21:38:04,COD,Kolkata
1910,U092,P007,Screen Guard,3,199,2025-07-23 00:31:50,Credit Card,Bengaluru
1911,U041,P001,Bluetooth Speaker,1,1499,2025-07-09 09:13:11,Credit Card,Mumbai
1912,U069,P005,Earbuds,3,1999,2025-07-28 21:24:02,UPI,Bengaluru
1913,U196,P002,Mobile Cover,3,299,2025-07-18 06:10:55,Wallet,Kolkata
1914,U091,P007,Screen Guard,1,199,2025-07-05 18:07:26,Credit Card,Bengaluru
1915,U061,P005,Earbuds,2,1999,2025-07-24 11:02:07,Netbanking,Kolkata
1916,U152,P001,Bluetooth Speaker,3,1499,2025-07-21 16:26:28,Netbanking,Chennai
1917,U146,P005,Earbuds,1,1999,2025-07-11 21:54:09,COD,Kolkata
1918,U049,P007,Screen Guard,2,199,2025-07-13 18:25:09,COD,Bengaluru
1919,U080,P002,Mobile Cover,2,299,2025-07-16 04:49:46,UPI,Mumbai
1920,U024,P001,Bluetooth Speaker,1,1499,2025-07-06 06:40:59,COD,Pune
1921,U057,P001,Bluetooth Speaker,3,1499,2025-07-10 16:37:01,Wallet,Bengaluru
1922,U001,P003,Power Bank,3,999,2025-07-29 07:48:10,Credit Card,Bengaluru
1923,U034,P003,Power Bank,3,999,2025-08-02 12:22:11,Credit Card,Mumbai
1924,U083,P001,Bluetooth Speaker,1,1499,2025-07-18 14:41:57,Credit Card,Kolkata
1925,U151,P006,Charger,1,699,2025-07-18 10:15:15,UPI,Mumbai
1926,U135,P007,Screen Guard,2,199,2025-07-11 08:59:57,UPI,Bengaluru
1927,U096,P006,Charger,3,699,2025-07-19 02:04:42,Wallet,Chennai
1928,U151,P001,Bluetooth Speaker,2,1499,2025-07-14 17:13:30,Netbanking,Mumbai
1929,U083,P002,Mobile Cover,1,299,2025-07-06 17:31:58,Wallet,Kolkata
1930,U164,P004,Smart Watch,3,3499,2025-07-11 06:46:02,Netbanking,Delhi
1931,U045,P006,Charger,3,699,2025-07-06 06:32:26,COD,Chennai
1932,U092,P002,Mobile Cover,3,299,2025-07-27 21:47:09,COD,Bengaluru
1933,U045,P004,Smart Watch,2,3499,2025-07-27 12:07:31,Netbanking,Chennai
1934,U033,P002,Mobile Cover,3,299,2025-07-14 08:45:06,UPI,Chennai
1935,U180,P005,Earbuds,2,1999,2025-08-03 11:06:50,COD,Mumbai
1936,U009,P002,Mobile Cover,3,299,2025-07-28 07:45:47,Netbanking,Kolkata
1937,U157,P002,Mobile Cover,3,299,2025-07-23 06:59:33,COD,Mumbai
1938,U027,P004,Smart Watch,1,3499,2025-07-19 04:05:23,Netbanking,Hyderabad
1939,U191,P001,Bluetooth Speaker,1,1499,2025-07-16 19:20:32,Netbanking,Mumbai
1940,U082,P002,Mobile Cover,3,299,2025-07-05 19:20:52,UPI,Chennai
1941,U182,P006,Charger,3,699,2025-07-09 10:18:35,Netbanking,Chennai
1942,U115,P001,Bluetooth Speaker,2,1499,2025-07-05 18:48:14,Credit Card,Bengaluru
1943,U064,P006,Charger,1,699,2025-07-20 05:41:58,Netbanking,Hyderabad
1944,U066,P007,Screen Guard,1,199,2025-07-22 19:46:10,UPI,Pune
1945,U013,P004,Smart Watch,2,3499,2025-08-01 15:10:48,Wallet,Bengaluru
1946,U043,P004,Smart Watch,2,3499,2025-08-03 07:05:32,Wallet,Mumbai
1947,U090,P005,Earbuds,2,1999,2025-07-26 01:58:09,UPI,Kolkata
1948,U123,P007,Screen Guard,3,199,2025-08-03 23:11:00,Credit Card,Delhi
1949,U042,P004,Smart Watch,1,3499,2025-07-11 00:57:17,UPI,Bengaluru
1950,U076,P001,Bluetooth Speaker,2,1499,2025-07-09 12:13:52,Netbanking,Hyderabad
1951,U027,P001,Bluetooth Speaker,2,1499,2025-07-12 19:23:42,Credit Card,Hyderabad
1952,U097,P002,Mobile Cover,3,299,2025-07-21 01:53:28,UPI,Delhi
1953,U141,P001,Bluetooth Speaker,2,1499,2025-08-01 01:20:29,COD,Kolkata
1954,U158,P004,Smart Watch,3,3499,2025-07-26 10:35:14,UPI,Bengaluru
1955,U111,P006,Charger,1,699,2025-07-08 11:32:48,COD,Mumbai
1956,U112,P002,Mobile Cover,1,299,2025-07-21 17:37:39,UPI,Mumbai
1957,U085,P002,Mobile Cover,1,299,2025-07-25 10:19:19,Wallet,Kolkata
1958,U179,P005,Earbuds,3,1999,2025-08-03 16:14:25,COD,Bengaluru
1959,U068,P006,Charger,2,699,2025-07-10 10:08:31,Netbanking,Chennai
1960,U061,P001,Bluetooth Speaker,1,1499,2025-07-12 21:10:56,Wallet,Kolkata
1961,U147,P005,Earbuds,2,1999,2025-07-08 17:44:12,Credit Card,Delhi
1962,U014,P003,Power Bank,1,999,2025-07-13 13:30:41,Wallet,Delhi
1963,U023,P003,Power Bank,3,999,2025-07-07 14:02:57,COD,Chennai
1964,U123,P002,Mobile Cover,1,299,2025-07-28 04:21:56,UPI,Delhi
1965,U053,P002,Mobile Cover,3,299,2025-07-22 07:58:34,Netbanking,Kolkata
1966,U021,P004,Smart Watch,1,3499,2025-07-12 18:06:34,Netbanking,Kolkata
1967,U102,P004,Smart Watch,2,3499,2025-07-13 15:11:57,Netbanking,Hyderabad
1968,U024,P006,Charger,3,699,2025-07-06 17:00:21,Wallet,Pune
1969,U048,P003,Power Bank,2,999,2025-07-22 23:33:38,Netbanking,Kolkata
1970,U048,P004,Smart Watch,1,3499,2025-07-28 18:26:17,Netbanking,Kolkata
1971,U113,P004,Smart Watch,2,3499,2025-07-23 21:59:25,Credit Card,Chennai
1972,U069,P005,Earbuds,1,1999,2025-07-16 07:56:36,Credit Card,Bengaluru
1973,U193,P006,Charger,3,699,2025-07-12 21:58:47,UPI,Kolkata
1974,U022,P006,Charger,2,699,2025-07-28 02:32:19,COD,Kolkata
1975,U106,P007,Screen Guard,3,199,2025-07-18 22:44:08,Credit Card,Chennai
1976,U142,P001,Bluetooth Speaker,2,1499,2025-07-22 01:00:19,COD,Hyderabad
1977,U108,P005,Earbuds,3,1999,2025-07-18 07:48:13,Wallet,Hyderabad
1978,U147,P002,Mobile Cover,2,299,2025-07-14 17:30:04,Netbanking,Delhi
1979,U021,P004,Smart Watch,3,3499,2025-07-18 23:28:14,UPI,Kolkata
1980,U129,P005,Earbuds,3,1999,2025-07-22 00:00:18,COD,Kolkata
1981,U174,P005,Earbuds,1,1999,2025-07-13 10:03:26,UPI,Chennai
1982,U194,P004,Smart Watch,1,3499,2025-07-24 15:54:27,Credit Card,Mumbai
1983,U055,P007,Screen Guard,1,199,2025-07-30 20:23:35,Credit Card,Hyderabad
1984,U011,P004,Smart Watch,1,3499,2025-07-29 04:28:46,Wallet,Delhi
1985,U052,P007,Screen Guard,3,199,2025-08-03 16:31:03,Credit Card,Hyderabad
1986,U153,P003,Power Bank,2,999,2025-07-13 16:50:55,UPI,Kolkata
1987,U023,P004,Smart Watch,3,3499,2025-07-22 09:23:41,Wallet,Chennai
1988,U142,P003,Power Bank,2,999,2025-08-02 17:02:43,COD,Hyderabad
1989,U118,P007,Screen Guard,1,199,2025-07-10 05:19:16,COD,Delhi
1990,U151,P005,Earbuds,2,1999,2025-07-14 09:34:51,UPI,Mumbai
1991,U107,P002,Mobile Cover,1,299,2025-07-17 05:13:13,COD,Hyderabad
1992,U151,P005,Earbuds,1,1999,2025-07-23 13:04:49,UPI,Mumbai
1993,U145,P007,Screen Guard,1,199,2025-08-02 04:04:15,Netbanking,Pune
1994,U138,P003,Power Bank,2,999,2025-07-09 00:17:06,Netbanking,Delhi
1995,U099,P006,Charger,2,699,2025-07-28 06:39:10,COD,Mumbai
1996,U156,P004,Smart Watch,1,3499,2025-07-26 23:39:51,Credit Card,Bengaluru
1997,U071,P004,Smart Watch,1,3499,2025-07-28 14:49:14,COD,Hyderabad
1998,U156,P006,Charger,3,699,2025-07-19 04:15:42,Wallet,Bengaluru
1999,U010,P004,Smart Watch,2,3499,2025-08-02 18:37:04,Credit Card,Pune
