user_id,name,age,gender,registration_date,city
U001,Kristen Austin,58,M,2022-12-05,Bengaluru
U002,Kristine Sanchez,35,M,2024-11-01,Mumbai
U003,Jeffery Forbes,26,M,2025-06-09,Pune
U004,Ian Marks,52,M,2024-05-05,Hyderabad
U005,Heather Price,45,M,2023-01-28,Bengaluru
U006,Samantha Franklin,23,M,2025-06-09,Mumbai
U007,Lauren Cunningham,50,M,2024-06-24,Hyderabad
U008,Michael Robinson,30,F,2023-12-30,Mumbai
U009,James Schwartz,46,F,2025-07-31,Kolkata
U010,Stephanie Watson,18,M,2025-05-25,Pune
U011,Chad Adams,45,F,2024-03-31,Delhi
U012,Julie Kelly,27,M,2024-05-15,Kolkata
U013,Crystal Sloan,39,M,2023-03-23,Bengaluru
U014,Tony Cox,42,M,2025-03-10,Delhi
U015,Richard Aguilar,40,F,2025-03-15,Kolkata
U016,Robert Harmon,20,F,2022-12-21,Hyderabad
U017,Darlene Jones,25,F,2024-09-08,Bengaluru
U018,Mary Barrett,53,F,2023-07-06,Kolkata
U019,Tiffany White,58,F,2022-12-24,Hyderabad
U020,Isaac Allen,30,M,2023-11-10,Bengaluru
U021,Thomas Miller,60,M,2022-11-18,Kolkata
U022,Peter Harris,36,M,2024-08-10,Kolkata
U023,Anthony Serrano,32,M,2023-12-07,Chennai
U024,Lisa Green,35,F,2025-04-03,Pune
U025,Jamie Glover,41,M,2022-09-26,Delhi
U026,Richard Adkins,40,M,2024-10-30,Pune
U027,Justin Long,35,M,2023-10-27,Hyderabad
U028,Jennifer Boyd,58,M,2023-07-02,Hyderabad
U029,Christopher White,33,M,2024-03-14,Chennai
U030,Daniel Whitehead,42,F,2025-07-10,Pune
U031,Jeanette Martinez,53,M,2022-10-30,Pune
U032,Elizabeth Chen,38,M,2024-03-06,Mumbai
U033,Briana Brown,20,F,2022-11-11,Chennai
U034,Natalie David,35,M,2022-12-29,Mumbai
U035,Joseph Lopez,54,F,2023-06-12,Mumbai
U036,Andrew Kent,59,F,2025-03-18,Chennai
U037,Matthew Wilson,59,F,2023-12-10,Mumbai
U038,Mary Caldwell,34,M,2023-08-26,Mumbai
U039,Sergio King,53,F,2025-08-02,Pune
U040,Shelia Elliott,55,F,2024-11-27,Hyderabad
U041,Jennifer Young,43,F,2025-01-26,Mumbai
U042,Joshua Lang,26,F,2024-06-17,Bengaluru
U043,Christopher Hobbs,21,M,2024-10-30,Mumbai
U044,Brandon Lester,58,M,2022-08-16,Kolkata
U045,Brian Hancock,45,M,2024-02-03,Chennai
U046,Andrea Combs,42,F,2024-07-11,Hyderabad
U047,Aaron Houston,34,M,2023-01-01,Pune
U048,Paul Barnes,25,F,2023-12-05,Kolkata
U049,Bradley Francis,59,F,2024-08-19,Bengaluru
U050,Katherine Huff,36,F,2024-10-10,Mumbai
U051,Jeffrey Hancock,47,M,2024-07-01,Pune
U052,Valerie Grimes,34,M,2024-02-05,Hyderabad
U053,Cindy Martin,24,F,2022-11-10,Kolkata
U054,Frances Griffin,58,M,2023-04-15,Mumbai
U055,Michael Howell,41,M,2023-10-09,Hyderabad
U056,Richard Rodriguez,51,M,2022-10-31,Hyderabad
U057,James Daniels,38,F,2025-05-03,Bengaluru
U058,Jeremy Guerrero,25,F,2022-10-21,Kolkata
U059,Katherine Carter,37,M,2023-05-29,Bengaluru
U060,Joseph Hughes,33,M,2025-06-01,Bengaluru
U061,Kelly Henderson,49,M,2023-02-03,Kolkata
U062,Jamie Peterson,52,M,2022-10-16,Mumbai
U063,Michelle Hanna DVM,60,F,2023-01-09,Hyderabad
U064,Kevin Estes,28,F,2023-09-14,Hyderabad
U065,Brandi Cox,56,F,2024-07-17,Mumbai
U066,Jessica Hamilton,52,M,2025-02-19,Pune
U067,Michael Gutierrez,37,F,2025-07-20,Pune
U068,Christina Glass,59,F,2022-11-07,Chennai
U069,Karen Morrison,51,F,2024-07-27,Bengaluru
U070,Aaron Carter,33,M,2023-04-13,Bengaluru
U071,Charles Pena,39,M,2025-01-18,Hyderabad
U072,Andrew Jones,53,M,2025-01-14,Hyderabad
U073,James Vargas,32,M,2024-05-03,Bengaluru
U074,Scott Richard,58,M,2023-05-17,Mumbai
U075,Alex Marshall,22,M,2023-01-30,Kolkata
U076,Jason Schneider,39,M,2024-08-19,Hyderabad
U077,Andrea Hill,33,F,2025-06-19,Pune
U078,Steven Morrison,49,M,2024-04-20,Hyderabad
U079,Mary Wright,26,F,2023-04-12,Mumbai
U080,Jorge Davis,48,F,2024-02-06,Mumbai
U081,Timothy Dixon,24,M,2024-05-26,Pune
U082,Richard Campbell,45,F,2024-06-03,Chennai
U083,Mark Hunter,44,F,2025-05-18,Kolkata
U084,Tiffany Novak,21,M,2023-03-25,Bengaluru
U085,David Weber,43,F,2024-03-25,Kolkata
U086,Michael Rodriguez,24,M,2025-03-06,Mumbai
U087,Tyrone Smith,30,F,2024-06-18,Mumbai
U088,Crystal Johnson,45,M,2023-09-16,Delhi
U089,Jorge Kramer,47,M,2024-10-08,Kolkata
U090,Megan Combs,22,F,2023-09-28,Kolkata
U091,Dr. David Pearson,53,M,2025-03-24,Bengaluru
U092,Patrick Garcia,59,M,2023-02-21,Bengaluru
U093,Crystal Gomez,33,M,2024-09-04,Chennai
U094,Roberta Ramirez,49,F,2025-04-17,Mumbai
U095,Joseph Jones,43,M,2025-04-18,Mumbai
U096,Sean Garcia,42,M,2025-03-27,Chennai
U097,Joshua Nichols,34,F,2024-04-02,Delhi
U098,Julia Holder,45,F,2023-06-29,Mumbai
U099,Russell Munoz,30,F,2022-10-02,Mumbai
U100,Dr. Tiffany Lawrence,21,M,2023-06-29,Pune
U101,Justin Taylor PhD,38,M,2023-09-02,Bengaluru
U102,Joseph Bautista,55,F,2024-01-03,Hyderabad
U103,Ryan Mathis,51,M,2023-06-08,Bengaluru
U104,Jason Hamilton,50,M,2023-01-16,Kolkata
U105,Robin Thomas,29,M,2025-04-07,Hyderabad
U106,Rachel Smith,22,M,2025-05-30,Chennai
U107,Christopher Porter,25,M,2024-01-15,Hyderabad
U108,Jennifer Sparks,56,M,2024-06-01,Hyderabad
U109,David Ball,23,F,2025-02-07,Pune
U110,Robin Tyler,55,F,2025-04-16,Delhi
U111,Barbara Brown,31,F,2024-02-06,Mumbai
U112,Roger Fowler,34,F,2023-01-16,Mumbai
U113,Destiny Collins,60,F,2022-10-10,Chennai
U114,Peter Ball,38,M,2024-06-13,Bengaluru
U115,Kevin Lucero,47,M,2023-07-09,Bengaluru
U116,Billy Rogers,52,M,2023-05-18,Hyderabad
U117,Timothy Manning,34,M,2023-06-01,Delhi
U118,Elizabeth Joseph,22,M,2023-10-07,Delhi
U119,Edward Orozco,36,M,2025-05-25,Chennai
U120,Karen Phillips,52,F,2025-03-25,Hyderabad
U121,Kevin Santos,59,M,2024-01-28,Pune
U122,John Cardenas,53,F,2024-02-04,Pune
U123,Kayla White,24,M,2025-02-18,Delhi
U124,Sarah Williams,25,M,2024-04-05,Pune
U125,Mary Mendoza,53,M,2022-10-12,Delhi
U126,Jessica Weber,36,M,2022-08-29,Pune
U127,Michelle Lee,39,M,2022-10-28,Pune
U128,Ethan Bradley,58,F,2023-06-07,Hyderabad
U129,Victoria Green,49,F,2022-12-07,Kolkata
U130,Keith Rodriguez,21,M,2023-09-13,Pune
U131,Matthew Clayton,45,F,2022-09-13,Bengaluru
U132,Jerry Villanueva,18,F,2024-04-25,Kolkata
U133,Dana Scott,26,F,2023-03-12,Mumbai
U134,Shane King,46,F,2023-04-08,Hyderabad
U135,Ryan Baker,18,M,2024-10-10,Bengaluru
U136,Raymond Jackson,27,M,2022-09-27,Kolkata
U137,Shawn Morgan,41,M,2024-05-07,Chennai
U138,Jonathan Mitchell,26,M,2024-12-30,Delhi
U139,Sheila Palmer,41,M,2023-03-06,Delhi
U140,Anthony Benitez,31,M,2025-04-09,Pune
U141,Danielle Johnson,24,F,2025-01-30,Kolkata
U142,Michele Jacobs,53,F,2022-09-17,Hyderabad
U143,Robert Fletcher,27,M,2024-06-10,Kolkata
U144,Danielle Walsh,28,M,2023-04-27,Chennai
U145,Christopher Sanchez,19,M,2025-06-06,Pune
U146,Dr. Karen Knight,39,F,2022-11-14,Kolkata
U147,Suzanne Adams,60,M,2024-01-05,Delhi
U148,Randy Barr,28,M,2022-11-15,Chennai
U149,Shannon Ortiz,20,F,2024-08-31,Mumbai
U150,Marcus Gregory,30,F,2023-12-03,Delhi
U151,Margaret Chambers,37,M,2023-02-08,Mumbai
U152,Heather Gutierrez,19,M,2025-05-03,Chennai
U153,Sarah Dunn,39,F,2024-12-11,Kolkata
U154,Brian Roberts,22,F,2022-11-01,Delhi
U155,Stephanie Wade,59,F,2022-12-08,Pune
U156,Kathleen Williamson,52,F,2025-05-30,Bengaluru
U157,Ashley Harrison,25,F,2022-08-23,Mumbai
U158,Thomas Anderson,55,F,2025-03-04,Bengaluru
U159,Erik Coleman,24,F,2022-12-02,Delhi
U160,Matthew Collins,38,F,2024-08-16,Hyderabad
U161,Daniel Stevenson,50,M,2023-04-03,Chennai
U162,Rebecca Miller,54,M,2025-01-26,Delhi
U163,Sherry Nicholson,20,F,2024-08-27,Bengaluru
U164,Christina Weber,51,M,2025-05-31,Delhi
U165,Abigail Kennedy,45,M,2024-12-10,Pune
U166,Kyle Soto,39,F,2023-08-22,Pune
U167,Jennifer Wood,25,F,2023-03-14,Hyderabad
U168,Sergio Chandler,37,F,2023-09-06,Delhi
U169,Lori Garcia,43,F,2023-05-28,Hyderabad
U170,Keith Newman,26,M,2025-01-19,Chennai
U171,Jessica Ponce,60,F,2023-01-21,Pune
U172,Karen Clark,29,F,2022-09-08,Chennai
U173,Jennifer Phelps,53,M,2022-10-16,Delhi
U174,Jeremy Myers,36,M,2022-12-26,Chennai
U175,James Bowman,55,F,2024-06-28,Chennai
U176,Benjamin Ortiz,46,F,2023-11-25,Pune
U177,Phillip Perry,31,F,2023-10-30,Kolkata
U178,Judy Dean,28,M,2023-07-05,Delhi
U179,Kelsey Martinez,50,F,2024-12-01,Bengaluru
U180,Brian Moore,33,F,2024-02-16,Mumbai
U181,Keith White,30,M,2023-05-18,Bengaluru
U182,Christina Hester,20,M,2023-05-20,Chennai
U183,Christy Robinson,57,M,2024-08-23,Chennai
U184,Kenneth Harris,44,M,2023-11-11,Pune
U185,Paul Escobar,42,F,2023-12-12,Chennai
U186,Justin Hayes Jr.,33,M,2024-10-23,Pune
U187,Melanie Smith,18,M,2025-05-12,Kolkata
U188,Melissa Drake,45,M,2023-11-22,Mumbai
U189,William Tanner,51,F,2023-03-20,Bengaluru
U190,Dustin Adams,53,M,2024-08-23,Kolkata
U191,Michael Peters,25,F,2022-11-21,Mumbai
U192,Jonathan Martin,47,F,2024-07-23,Kolkata
U193,Luis Greene,46,F,2022-08-25,Kolkata
U194,Robert Nash,53,F,2025-04-13,Mumbai
U195,Rick Morgan,48,F,2025-02-10,Delhi
U196,Edwin Pacheco,33,F,2022-08-29,Kolkata
U197,Richard White,51,F,2024-02-06,Pune
U198,Eric Blair,33,F,2023-01-06,Chennai
U199,Rebecca Jones,22,F,2024-11-14,Mumbai
U200,Casey Walker,35,F,2025-01-03,Delhi
